YYMMDDHHMI,STN,WD,WS,GST,PA,PS,PT,PR,TA,TD,HM,PV,RN,SD,WC,WP,WW,CA,CH,CT,VS,SS,SI,ST,TS,TE,WH,BF,IR,IX
202401030900,108,27,2.0,-9,1008.2,1018.9,2,0.5,2.1,-0.1,85.0,6.1,-9.0,-9.0,60,66,1901,7,9,5,424,0.0,0.02,-9,-0.1,1.0,-9.0,-9,1,1
202401040900,108,5,2.6,-9,1012.7,1023.6,2,0.7,-1.8,-4.1,84.0,4.5,-9.0,-9.0,10,0,19,8,9,5,705,0.0,0.13,-9,-0.7,1.1,-9.0,-9,3,1
202401050900,108,25,0.8,-9,1009.7,1020.3,2,1.4,5.1,3.2,88.0,7.7,-9.0,-9.0,10,62,19,8,9,5,436,0.0,0.08,-9,0.8,1.1,-9.0,-9,3,1
202401060900,108,29,1.9,-9,1012.1,1023.0,2,1.2,-2.0,-8.1,63.0,3.3,-9.0,-9.0,-9,-9,-,0,-9,-9,4238,1.0,0.33,-9,-1.5,1.1,-9.0,-9,3,2
202401070900,108,25,3.1,-9,1015.5,1026.6,2,2.1,-4.6,-11.8,57.0,2.5,-9.0,4.0,-9,-9,-,0,-9,-9,1832,0.9,0.26,-9,-0.2,1.2,-9.0,-9,3,2
202401080900,108,5,2.7,-9,1017.8,1029.1,2,0.3,-9.0,-14.2,66.0,2.0,-9.0,1.5,-9,-9,-,0,-9,-9,3139,1.0,0.33,-9,-2.2,1.2,-9.0,-9,3,2
202401090900,108,5,1.6,-9,1010.1,1021.0,3,0.4,-1.5,-3.5,86.0,4.7,-9.0,0.6,71,77,05,8,4,7,197,0.0,0.01,-9,-0.6,1.2,-9.0,-9,1,1
202401100900,108,5,1.6,-9,1010.3,1021.3,2,1.4,-3.7,-4.5,94.0,4.4,-9.0,2.9,10,0,19,8,9,5,327,0.1,0.15,-9,-1.2,1.2,-9.0,-9,3,1
202401110900,108,5,2.3,-9,1008.9,1019.8,7,-0.4,-1.1,-3.1,86.0,4.9,-9.0,2.0,10,22,19,8,9,5,383,0.0,0.10,-9,-0.6,1.2,-9.0,-9,3,1
202401120900,108,25,1.5,-9,1008.2,1019.0,2,1.4,-0.6,-2.6,86.0,5.0,-9.0,-9.0,10,0,19,0,-9,-9,382,0.7,0.24,-9,-1.2,1.2,-9.0,-9,3,1
202401130900,108,20,0.9,-9,1014.4,1025.4,2,2.1,-3.1,-10.2,58.0,2.8,-9.0,-9.0,-9,-9,-,0,-9,-9,4149,0.9,0.31,-9,-2.6,1.2,-9.0,-9,3,2
202401140900,108,5,2.5,-9,1011.3,1022.2,8,-0.5,-1.0,-5.9,69.0,3.9,-9.0,-9.0,-9,-9,-,6,11,5,2481,0.7,0.26,-9,-1.2,1.2,-9.0,-9,3,2
202401150900,108,25,2.4,-9,1017.6,1028.8,2,2.1,-6.5,-13.8,56.0,2.1,-9.0,-9.0,-9,-9,-,0,-9,-9,3946,0.9,0.35,-9,-4.5,1.1,-9.0,-9,3,2
202401160900,108,5,2.4,-9,1022.5,1033.7,2,1.6,-6.3,-12.4,62.0,2.4,-9.0,-9.0,-9,-9,-,0,-9,0,2916,0.9,0.33,-9,-4.4,1.0,-9.0,-9,3,2
202401170900,108,5,2.5,-9,1017.2,1028.1,7,-0.7,0.2,-7.3,57.0,3.5,-9.0,-9.0,-9,-9,-,9,28,0,2475,0.0,0.14,-9,-0.7,1.0,-9.0,-9,3,2
202401180900,108,25,2.1,-9,1012.0,1022.8,2,1.9,1.5,0.6,94.0,6.4,-9.0,0.8,10,22,19,2,5,5,435,0.0,0.07,-9,-0.2,0.9,-9.0,-9,3,1
202401190900,108,7,2.9,-9,1017.8,1028.5,2,1.1,4.4,-0.4,71.0,5.9,-9.0,-9.0,-9,-9,-,0,-9,0,3718,0.6,0.30,-9,0.2,0.9,-9.0,-9,3,2
202401200900,108,7,5.9,554,1015.7,1026.4,3,0.1,3.8,-2.8,62.0,5.0,-9.0,-9.0,-9,-9,-,3,18,5,5000,0.0,0.08,-9,0.7,0.9,-9.0,-9,3,2
202401210900,108,7,3.0,-9,1014.3,1025.1,0,0.9,2.3,-2.8,69.0,5.0,-9.0,-9.0,-9,72,-,8,11,5,5000,0.0,0.14,-9,0.3,0.9,-9.0,-9,3,1
202401220900,108,25,4.1,629,1017.5,1028.8,2,0.6,-8.8,-14.0,66.0,2.1,-9.0,1.9,22,72,05,7,8,5,1336,0.0,0.12,-9,-0.5,1.1,-9.0,-9,1,1
202401230900,108,29,3.0,-9,1016.4,1027.9,4,0.0,-13.6,-19.7,60.0,1.3,-9.0,-9.0,-9,-9,-,0,-9,-9,3034,0.9,0.38,-9,-6.8,1.0,-9.0,-9,3,2
202401240900,108,27,4.8,-9,1015.1,1026.4,1,0.8,-10.6,-17.6,56.0,1.5,-9.0,-9.0,-9,-9,-,0,-9,-9,3411,0.9,0.38,-9,-7.3,0.8,-9.0,-9,3,2
202401250900,108,27,2.2,-9,1018.3,1029.6,2,1.3,-8.5,-16.3,53.0,1.7,-9.0,-9.0,-9,-9,-,0,-9,-9,3662,1.0,0.39,-9,-6.3,0.6,-9.0,-9,3,2
202401260900,108,5,1.8,-9,1018.7,1029.9,2,0.6,-6.0,-11.7,64.0,2.5,-9.0,-9.0,-9,-9,-,0,-9,-9,2926,1.0,0.36,-9,-4.9,0.4,-9.0,-9,3,2
202401270900,108,0,0.3,-9,1017.6,1028.7,2,0.8,-4.1,-6.4,84.0,3.8,-9.0,-9.0,-9,-9,19,0,-9,-9,1039,0.9,0.38,-9,-3.8,0.4,-9.0,-9,3,2
202401280900,108,29,0.7,-9,1017.5,1028.6,2,2.0,-4.3,-8.9,70.0,3.1,-9.0,-9.0,-9,-9,-,0,-9,-9,2353,0.9,0.35,-9,-3.8,0.3,-9.0,-9,3,2
202401290900,108,5,1.8,-9,1021.0,1032.1,2,1.1,-4.0,-6.3,84.0,3.8,-9.0,-9.0,-9,-9,-,0,-9,-9,1172,1.0,0.36,-9,-3.7,0.3,-9.0,-9,3,2
202401300900,108,5,1.7,-9,1020.3,1031.4,2,0.6,-3.1,-4.9,87.0,4.2,-9.0,-9.0,10,0,19,0,-9,-9,590,1.0,0.37,-9,-3.0,0.3,-9.0,-9,3,1
202401310900,108,5,1.1,-9,1014.6,1025.4,1,0.7,1.7,-5.9,57.0,3.9,-9.0,-9.0,-9,-9,-,4,28,0,1338,0.5,0.28,-9,-0.3,0.3,-9.0,-9,3,2
202402010900,108,27,1.2,-9,1015.6,1026.5,2,1.1,-1.0,-4.3,78.0,4.4,-9.0,-9.0,10,0,19,3,37,0,401,0.0,0.18,-9,-0.7,0.3,-9.0,-9,3,1
202402020900,108,5,2.4,-9,1016.1,1026.9,2,1.4,1.5,-3.7,68.0,4.6,-9.0,-9.0,-9,-9,-,8,8,5,4371,0.0,0.22,-9,-0.2,0.3,-9.0,-9,3,2
202402030900,108,5,3.6,-9,1017.8,1028.6,4,0.0,2.9,-3.2,64.0,4.8,-9.0,-9.0,-9,-9,-,3,34,0,1764,0.1,0.29,-9,-0.2,0.3,-9.0,-9,3,2
202402040900,108,5,2.4,-9,1016.1,1026.8,2,1.3,4.3,-0.6,70.0,5.8,-9.0,-9.0,-9,-9,-,8,8,5,1281,0.0,0.20,-9,1.8,0.3,-9.0,-9,3,2
202402050900,108,5,7.0,828,1008.8,1019.4,2,1.2,4.4,-0.2,72.0,6.0,-9.0,-9.0,60,66,01,8,10,5,3796,0.0,0.06,-9,1.7,0.3,-9.0,-9,1,1
202402060900,108,5,2.0,-9,1014.9,1025.8,1,0.5,0.5,-1.5,86.0,5.5,-9.0,3.1,-9,72,-,9,7,5,2575,0.0,0.12,-9,-0.2,0.4,-9.0,-9,3,1
202402070900,108,27,1.8,-9,1013.4,1024.3,2,0.8,-0.4,-2.3,87.0,5.2,-9.0,-9.0,10,72,19,9,11,5,769,0.0,0.18,-9,-0.2,0.5,-9.0,-9,3,1
202402080900,108,5,1.3,-9,1012.0,1022.9,2,1.2,-2.0,-3.8,87.0,4.6,-9.0,-9.0,10,0,19,0,-9,-9,934,1.0,0.38,-9,-0.4,0.6,-9.0,-9,3,1
202402090900,108,2,0.7,-9,1011.4,1022.3,3,0.6,-1.5,-4.6,79.0,4.3,-9.0,-9.0,-9,-9,-,6,7,5,1041,0.5,0.34,-9,-0.5,0.7,-9.0,-9,3,2
202402100900,108,2,1.6,-9,1012.4,1023.3,2,1.3,-0.7,-2.9,85.0,4.9,-9.0,-9.0,10,0,19,4,9,5,966,0.0,0.28,-9,-0.4,0.9,-9.0,-9,3,1
202402110900,108,27,1.1,-9,1013.5,1024.5,2,1.4,-2.3,-5.7,77.0,4.0,-9.0,-9.0,-9,-9,-,0,-9,-9,1230,1.0,0.48,-9,-0.5,1.1,-9.0,-9,3,2
202402120900,108,5,2.1,-9,1019.4,1030.4,2,2.0,-1.2,-3.4,85.0,4.8,-9.0,-9.0,10,0,19,0,-9,-9,444,1.0,0.45,-9,-0.4,1.1,-9.0,-9,3,1
202402130900,108,5,2.2,-9,1015.7,1026.4,3,0.2,3.5,0.3,80.0,6.2,-9.0,-9.0,10,0,19,0,-9,-9,563,0.6,0.40,-9,-0.2,1.4,-9.0,-9,3,1
202402140900,108,2,1.3,-9,1011.3,1021.7,1,0.1,10.3,6.4,77.0,9.6,-9.0,-9.0,10,22,19,6,7,5,872,0.0,0.17,-9,7.0,2.9,-9.0,-9,3,1
202402150900,108,25,2.7,-9,1005.6,1016.0,5,-0.3,8.1,7.7,98.0,10.5,-9.0,-9.0,61,65,19160201,8,2,7,512,0.0,0.03,-9,7.4,5.5,-9.0,-9,1,1
202402160900,108,5,2.3,-9,1015.7,1026.6,2,0.9,0.3,-0.8,92.0,5.8,-9.0,-9.0,-9,-9,-,0,-9,-9,2359,1.0,0.73,-9,-0.2,4.0,-9.0,-9,3,2
202402170900,108,5,1.4,-9,1012.2,1023.0,2,0.8,0.5,-1.1,89.0,5.6,-9.0,-9.0,10,0,19,0,-9,-9,743,1.0,0.55,-9,-0.2,3.5,-9.0,-9,3,1
202402180900,108,7,2.9,-9,1010.3,1021.0,1,0.8,4.1,0.4,77.0,6.3,-9.0,-9.0,10,0,19,6,35,0,978,0.9,0.64,-9,0.2,3.8,-9.0,-9,3,1
202402190900,108,2,1.4,-9,998.2,1008.5,3,0.3,11.0,10.8,99.0,12.9,-9.0,-9.0,55,65,1602,10,3,7,43,0.0,0.04,-9,8.8,4.8,-9.0,-9,1,1
202402200900,108,7,1.2,-9,1011.8,1022.5,2,1.4,4.2,2.7,90.0,7.4,-9.0,-9.0,10,62,19,8,9,5,690,0.0,0.13,-9,4.9,5.4,-9.0,-9,3,1
202402210900,108,5,6.2,746,1010.2,1020.9,2,0.5,2.4,1.2,92.0,6.7,-9.0,-9.0,61,66,01,8,8,7,1485,0.0,0.07,-9,2.6,4.9,-9.0,-9,1,1
202402220900,108,7,4.8,848,1015.6,1026.5,2,1.4,-0.4,-2.7,84.0,5.0,-9.0,13.6,-9,72,-,9,15,5,2777,0.0,0.22,-9,0.3,3.9,-9.0,-9,3,1
202402230900,108,5,3.8,-9,1019.9,1030.8,2,2.0,0.0,-3.7,76.0,4.6,-9.0,9.9,-9,72,-,9,11,5,4029,0.0,0.36,-9,0.7,3.3,-9.0,-9,3,1
202402240900,108,7,3.5,-9,1020.4,1031.4,5,-0.1,-0.1,-6.3,63.0,3.8,-9.0,2.0,-9,-9,-,0,-9,0,4354,0.9,0.57,-9,-0.2,2.8,-9.0,-9,3,2
202402250900,108,0,0.3,-9,1012.8,1023.6,0,0.7,1.4,0.3,93.0,6.2,-9.0,0.1,68,77,190605,8,5,7,1343,0.0,0.24,-9,2.8,3.1,-9.0,-9,1,1
202402260900,108,7,1.0,-9,1017.7,1028.6,2,1.5,1.4,-0.6,86.0,5.8,-9.0,-9.0,-9,-9,19,1,15,5,1191,1.0,0.70,-9,-0.2,3.2,-9.0,-9,3,2
202402270900,108,7,3.6,-9,1020.3,1031.1,3,0.5,2.3,-4.9,59.0,4.2,-9.0,-9.0,-9,-9,-,0,-9,0,4083,0.0,0.46,-9,-0.1,3.6,-9.0,-9,3,2
202402280900,108,5,2.8,-9,1018.7,1029.4,2,1.1,4.4,-2.2,62.0,5.2,-9.0,-9.0,-9,-9,-,7,13,5,2648,0.1,0.39,-9,4.0,4.2,-9.0,-9,3,2
202402290900,108,23,1.1,-9,1014.4,1025.1,5,-0.2,3.8,0.3,78.0,6.2,-9.0,-9.0,-9,-9,-,7,30,0,1034,0.0,0.19,-9,3.2,4.7,-9.0,-9,3,2
202403010900,108,29,5.2,707,1013.8,1024.9,1,1.3,-4.8,-17.6,36.0,1.5,-9.0,-9.0,-9,-9,-,0,-9,-9,3914,1.0,0.87,-9,-0.5,4.4,-9.0,-9,3,2
202403020900,108,11,2.3,-9,1012.2,1023.2,7,-0.3,-4.2,-11.4,57.0,2.6,-9.0,-9.0,-9,-9,-,0,-9,-9,3392,1.0,0.80,-9,-0.9,3.1,-9.0,-9,3,2
202403030900,108,29,1.5,-9,1007.2,1017.9,2,1.1,2.0,-1.2,79.0,5.6,-9.0,-9.0,10,0,19,0,-9,-9,382,1.0,0.67,-9,-0.2,2.5,-9.0,-9,3,1
202403040900,108,7,2.3,-9,1012.7,1023.5,2,1.5,1.3,-8.0,50.0,3.3,-9.0,-9.0,-9,-9,-,0,-9,-9,1727,1.0,0.84,-9,-0.2,3.2,-9.0,-9,3,2
202403050900,108,5,3.3,-9,1006.0,1016.5,3,0.7,6.9,-5.7,40.0,4.0,-9.0,-9.0,-9,-9,-,7,14,5,2127,0.0,0.21,-9,4.3,4.2,-9.0,-9,3,2
202403060900,108,5,3.9,-9,1006.6,1017.2,2,1.5,4.5,-0.9,68.0,5.7,-9.0,-9.0,-9,-9,-,8,13,5,4661,0.0,0.48,-9,4.3,4.5,-9.0,-9,3,2
202403070900,108,7,1.4,-9,1006.6,1017.2,8,-0.3,3.8,-2.1,65.0,5.2,-9.0,-9.0,-9,71,-,9,8,5,3108,0.0,0.21,-9,3.3,4.9,-9.0,-9,3,1
202403080900,108,27,2.3,-9,1007.2,1017.9,2,0.6,1.4,-5.7,59.0,4.0,-9.0,-9.0,-9,-9,40,0,-9,-9,1442,1.0,0.87,-9,-0.2,4.3,-9.0,-9,3,2
202403090900,108,29,3.2,-9,1013.3,1024.2,2,1.6,-0.4,-9.0,52.0,3.1,-9.0,-9.0,-9,-9,-,0,-9,-9,2679,1.0,0.99,-9,-0.3,4.0,-9.0,-9,3,2
202403100900,108,5,2.3,-9,1018.2,1029.1,2,1.0,1.6,-3.6,68.0,4.7,-9.0,-9.0,-9,-9,-,0,-9,-9,1827,1.0,0.91,-9,-0.3,3.9,-9.0,-9,3,2
202403120900,108,-9,-9.0,-9,1004.3,1014.8,2,0.7,5.7,4.1,90.0,8.2,-9.0,-9.0,61,66,1901,8,5,7,622,0.0,0.00,-9,4.9,4.8,-9.0,-9,1,1
202403130900,108,18,2.3,-9,1010.4,1021.0,2,0.7,4.5,-1.1,67.0,5.6,-9.0,-9.0,-9,-9,-,0,-9,-9,1649,1.0,1.03,-9,0.6,4.8,-9.0,-9,3,2
202403140900,108,18,0.9,-9,1011.1,1021.7,2,1.0,5.6,2.4,80.0,7.3,-9.0,-9.0,10,0,19,2,10,5,721,-9.0,-9.00,-9,6.7,5.3,-9.0,-9,3,1
202403150900,108,20,2.4,-9,1013.8,1024.4,1,0.9,7.1,3.8,80.0,8.0,-9.0,-9.0,10,0,19,0,-9,-9,992,1.0,0.92,-9,8.0,6.2,-9.0,-9,3,1
202403160900,108,5,1.8,-9,1013.9,1024.4,5,-0.2,7.9,4.2,78.0,8.2,-9.0,-9.0,10,0,19,0,-9,-9,551,1.0,0.92,-9,9.2,6.8,-9.0,-9,3,1
202403170900,108,27,5.1,-9,1006.2,1016.6,2,0.8,8.6,4.4,75.0,8.4,-9.0,-9.0,10,62,19,6,8,5,871,0.2,0.49,-9,9.8,7.9,-9.0,-9,3,1
202403180900,108,25,1.0,-9,1013.5,1024.2,2,1.1,5.1,-9.1,35.0,3.1,-9.0,-9.0,-9,-9,-,0,-9,-9,4566,1.0,1.10,-9,7.8,7.5,-9.0,-9,3,2
202403190900,108,16,2.5,-9,1005.3,1015.8,7,-1.8,7.1,-0.1,60.0,6.1,-9.0,-9.0,-9,61,-,1,9,5,2882,0.1,0.56,-9,9.2,7.5,-9.0,-9,3,1
202403200900,108,29,3.6,-9,1011.5,1022.2,2,1.9,3.3,-4.8,55.0,4.3,-9.0,-9.0,-9,-9,-,0,-9,-9,1850,1.0,1.20,-9,7.9,6.9,-9.0,-9,3,2
202403210900,108,29,1.5,-9,1009.2,1019.9,1,0.1,3.3,-4.8,55.0,4.3,-9.0,-9.0,-9,-9,-,0,-9,-9,2411,1.0,1.19,-9,3.9,6.2,-9.0,-9,3,2
202403220900,108,7,3.3,-9,1004.9,1015.4,7,-1.4,7.3,-3.5,46.0,4.7,-9.0,-9.0,-9,-9,-,4,39,0,2874,0.6,0.77,-9,9.4,6.8,-9.0,-9,3,2
202403230900,108,29,3.4,-9,1005.3,1015.7,2,2.6,10.0,7.9,87.0,10.6,-9.0,-9.0,10,51,19,9,9,5,495,0.3,0.70,-9,11.4,7.9,-9.0,-9,3,1
202403240900,108,7,3.5,-9,1008.4,1018.7,2,1.8,13.0,2.2,48.0,7.2,-9.0,-9.0,-9,-9,-,0,-9,0,3863,0.2,0.62,-9,11.9,9.2,-9.0,-9,3,2
202403250900,108,7,3.7,-9,1006.9,1017.2,3,1.6,12.4,-0.5,41.0,5.9,-9.0,-9.0,-9,-9,-,9,38,0,4707,0.0,0.35,-9,10.8,10.3,-9.0,-9,3,2
202403260900,108,5,2.5,-9,1009.2,1019.9,2,3.0,3.7,2.6,93.0,7.4,-9.0,-9.0,61,66,01,5,5,7,2360,0.0,0.33,-9,6.9,9.0,-9.0,-9,1,1
202403270900,108,5,2.3,-9,1014.2,1024.7,0,0.1,8.2,4.2,76.0,8.2,-9.0,-9.0,-9,-9,-,0,-9,-9,2487,1.0,1.16,-9,13.0,8.8,-9.0,-9,3,2
202403280900,108,5,1.5,-9,1002.3,1012.7,7,-1.6,10.1,8.1,88.0,10.8,-9.0,-9.0,61,66,1901,8,7,7,578,0.0,0.28,-9,11.1,9.8,-9.0,-9,1,1
202403290900,108,25,2.7,-9,995.1,1005.5,5,-1.0,6.9,0.5,64.0,6.3,-9.0,-9.0,6,11,4219,9,10,5,600,0.0,0.40,-9,7.3,9.4,-9.0,-9,3,1
202403300900,108,5,2.8,-9,1003.0,1013.5,1,0.3,6.9,0.3,63.0,6.2,-9.0,-9.0,6,0,42,0,-9,0,1707,0.6,1.03,-9,10.2,8.3,-9.0,-9,3,1
202403310900,108,7,1.2,-9,1005.1,1015.5,0,1.0,7.9,-1.1,53.0,5.6,-9.0,-9.0,-9,-9,-,0,-9,-9,2318,1.0,1.36,-9,12.3,8.4,-9.0,-9,3,2
202404010900,108,9,1.0,-9,1005.6,1015.9,1,1.4,10.9,-2.1,40.0,5.2,-9.0,-9.0,-9,-9,-,0,-9,-9,2299,1.0,1.38,-9,14.1,9.2,-9.0,-9,3,2
202404020900,108,5,2.8,-9,1005.0,1015.2,0,0.5,13.4,-4.7,28.0,4.3,-9.0,-9.0,-9,-9,-,0,-9,0,2616,1.0,1.29,-9,14.4,9.8,-9.0,-9,3,2
202404030900,108,7,2.0,-9,996.8,1006.8,0,0.2,16.5,3.8,43.0,8.0,-9.0,-9.0,-9,-9,-,6,11,5,2445,0.0,0.49,-9,14.2,11.1,-9.0,-9,3,2
202404040900,108,5,4.7,-9,1004.2,1014.4,2,1.8,14.5,3.8,49.0,8.0,-9.0,-9.0,-9,-9,-,1,10,5,3272,0.2,0.78,-9,14.9,11.4,-9.0,-9,3,2
202404050900,108,14,2.8,-9,1009.9,1020.2,2,1.4,12.4,2.8,52.0,7.5,-9.0,-9.0,-9,-9,-,9,8,5,2908,0.0,0.21,-9,11.0,11.9,-9.0,-9,3,2
202404060900,108,23,0.6,-9,1010.3,1020.7,0,0.1,11.0,5.7,70.0,9.2,-9.0,-9.0,10,11,19,0,-9,0,819,0.1,0.85,-9,14.2,11.9,-9.0,-9,3,1
202404070900,108,9,0.8,-9,1009.3,1019.6,2,1.0,12.7,0.4,43.0,6.3,-9.0,-9.0,-9,-9,-,0,-9,-9,1277,1.0,1.35,-9,16.0,11.6,-9.0,-9,3,2
202404080900,108,36,1.6,-9,1007.3,1017.5,8,-0.3,14.2,1.1,41.0,6.6,-9.0,-9.0,-9,-9,-,0,-9,0,1867,0.2,0.88,-9,14.9,12.3,-9.0,-9,3,2
202404090900,108,7,5.4,718,1010.9,1021.2,2,2.5,12.9,-2.6,34.0,5.0,-9.0,-9.0,-9,-9,-,0,-9,-9,2764,1.0,1.52,-9,16.6,12.7,-9.0,-9,3,2
202404100900,108,18,3.1,-9,1015.7,1026.1,1,1.0,12.7,7.5,71.0,10.4,-9.0,-9.0,-9,-9,-,8,10,5,1436,0.1,0.56,-9,13.9,13.0,-9.0,-9,3,2
202404110900,108,2,1.3,-9,1012.9,1023.2,2,0.3,13.2,9.2,77.0,11.6,-9.0,-9.0,21,62,01,7,10,5,1294,0.0,0.38,-9,14.0,13.2,-9.0,-9,1,1
202404120900,108,5,2.3,-9,1009.7,1019.9,4,0.0,16.0,9.1,64.0,11.6,-9.0,-9.0,5,11,40,4,10,5,936,0.3,1.07,-9,19.8,13.4,-9.0,-9,3,1
202404130900,108,27,0.8,-9,1008.9,1019.1,1,0.5,16.1,9.2,64.0,11.6,-9.0,-9.0,-9,-9,-,0,-9,-9,1701,1.0,1.57,-9,21.9,14.1,-9.0,-9,3,2
202404140900,108,5,2.6,-9,1008.3,1018.3,0,0.1,18.7,9.9,57.0,12.2,-9.0,-9.0,-9,-9,-,0,-9,-9,1627,1.0,1.56,-9,23.1,15.1,-9.0,-9,3,2
202404150900,108,5,2.5,-9,999.8,1009.8,4,0.0,18.0,13.2,74.0,15.2,-9.0,-9.0,61,66,1901,7,9,7,575,0.0,0.11,-9,15.9,16.0,-9.0,-9,1,1
202404160900,108,25,2.5,-9,1001.9,1012.2,2,1.2,12.0,11.0,94.0,13.1,-9.0,-9.0,21,62,1901,6,10,5,747,0.0,0.20,-9,13.8,14.7,-9.0,-9,1,1
202404170900,108,5,1.8,-9,1004.1,1014.3,6,-0.1,12.8,9.0,78.0,11.5,-9.0,-9.0,10,11,19,0,-9,0,501,1.0,1.49,-9,18.8,14.4,-9.0,-9,3,1
202404180900,108,7,1.5,-9,1000.8,1010.9,0,0.6,15.6,9.7,68.0,12.0,-9.0,-9.0,6,0,42,0,-9,-9,1039,1.0,1.53,-9,20.4,14.7,-9.0,-9,3,1
202404190900,108,25,1.4,-9,1003.6,1013.7,2,0.9,16.1,5.6,50.0,9.1,-9.0,-9.0,-9,-9,-,0,-9,-9,1384,1.0,1.54,-9,20.6,15.3,-9.0,-9,3,2
202404200900,108,9,1.4,817,1001.5,1011.6,2,1.5,16.6,8.7,60.0,11.2,-9.0,-9.0,5,22,40,6,12,5,783,0.0,0.20,-9,15.2,16.0,-9.0,-9,3,1
202404210900,108,7,3.1,-9,1001.1,1011.2,2,1.3,16.6,10.8,69.0,12.9,-9.0,-9.0,-9,-9,-,9,12,5,4226,0.0,0.83,-9,18.8,15.0,-9.0,-9,3,2
202404220900,108,5,4.1,-9,1003.7,1013.8,2,0.9,16.7,6.2,50.0,9.5,-9.0,-9.0,-9,-9,-,9,15,5,2662,0.0,0.77,-9,18.6,15.4,-9.0,-9,3,2
202404230900,108,5,5.0,-9,1003.2,1013.3,8,-0.8,16.2,8.4,60.0,11.0,-9.0,-9.0,-9,-9,-,8,27,0,3218,0.5,1.19,-9,20.5,16.1,-9.0,-9,3,2
202404240900,108,5,2.0,-9,996.7,1006.9,3,0.4,11.9,10.6,92.0,12.8,-9.0,-9.0,61,66,01,7,7,7,1401,0.0,0.21,-9,13.5,16.2,-9.0,-9,1,1
202404250900,108,18,1.2,-9,1003.1,1013.4,3,1.0,11.1,8.8,86.0,11.3,-9.0,-9.0,10,22,19,9,7,6,940,0.0,0.30,-9,13.9,15.2,-9.0,-9,3,1
202404260900,108,5,2.0,-9,1000.7,1010.8,8,-0.5,15.6,11.3,76.0,13.4,-9.0,-9.0,10,0,19,0,-9,0,744,1.0,1.37,-9,20.7,15.5,-9.0,-9,3,1
202404270900,108,20,1.6,-9,1001.9,1012.0,1,0.8,16.7,10.3,66.0,12.5,-9.0,-9.0,5,0,40,0,-9,-9,806,1.0,1.79,-9,24.2,16.2,-9.0,-9,3,1
202404280900,108,9,2.1,-9,1003.8,1013.8,8,-0.1,18.6,11.1,62.0,13.2,-9.0,-9.0,-9,-9,-,0,-9,0,2116,1.0,1.66,-9,25.6,16.9,-9.0,-9,3,2
202404290900,108,7,3.5,-9,1000.0,1009.9,8,-0.5,18.7,7.4,48.0,10.3,-9.0,-9.0,-9,-9,-,0,-9,0,2092,0.0,0.79,-9,21.3,17.8,-9.0,-9,3,2
202404300900,108,20,2.8,-9,995.9,1005.8,0,0.7,18.2,11.0,63.0,13.1,-9.0,-9.0,-9,-9,-,1,15,5,1248,0.9,1.46,-9,27.7,18.2,-9.0,-9,3,2
202405010900,108,7,2.9,-9,1002.0,1012.0,2,1.3,17.2,3.8,41.0,8.0,-9.0,-9.0,-9,-9,-,8,15,5,2689,0.8,1.75,-9,29.4,18.0,-9.0,-9,3,2
202405020900,108,25,1.0,-9,1008.6,1018.7,2,1.3,17.7,9.0,57.0,11.5,-9.0,-9.0,-9,-9,-,0,-9,-9,1977,1.0,1.83,-9,30.6,18.0,-9.0,-9,3,2
202405030900,108,7,1.1,-9,1009.5,1019.6,8,-0.3,17.9,7.8,52.0,10.6,-9.0,-9.0,-9,-9,-,0,-9,-9,1573,1.0,1.85,-9,29.8,18.0,-9.0,-9,3,2
202405040900,108,2,1.4,-9,1007.0,1017.0,8,-0.2,20.0,10.1,53.0,12.4,-9.0,-9.0,-9,-9,-,0,-9,0,1145,1.0,1.77,-9,32.0,18.5,-9.0,-9,3,2
202405050900,108,5,2.7,-9,1001.6,1011.6,7,-1.1,17.0,15.5,91.0,17.6,-9.0,-9.0,61,66,1901,8,5,7,176,0.0,0.11,-9,17.5,19.3,-9.0,-9,1,1
202405060900,108,23,2.4,-9,996.7,1006.8,2,1.3,14.0,13.3,96.0,15.3,-9.0,-9.0,61,66,1901,8,2,7,249,0.0,0.12,-9,15.3,18.0,-9.0,-9,1,1
202405070900,108,5,3.7,-9,999.9,1010.1,2,1.8,12.5,11.5,94.0,13.6,-9.0,-9.0,61,65,1901,6,4,7,930,0.0,0.07,-9,13.5,16.7,-9.0,-9,1,1
202405080900,108,2,3.6,-9,1009.4,1019.6,1,0.8,13.9,5.5,57.0,9.0,-9.0,-9.0,-9,-9,-,0,-9,-9,3219,1.0,1.94,-9,21.3,15.5,-9.0,-9,3,2
202405090900,108,23,2.3,-9,1008.9,1019.1,4,0.0,15.1,8.0,63.0,10.7,-9.0,-9.0,-9,-9,-,0,-9,-9,2752,1.0,1.77,-9,22.7,16.1,-9.0,-9,3,2
202405100900,108,20,1.6,-9,1008.7,1018.8,0,0.1,16.9,10.7,67.0,12.9,-9.0,-9.0,-9,-9,-,0,-9,-9,2049,1.0,1.82,-9,24.8,16.5,-9.0,-9,3,2
202405110900,108,18,2.8,-9,1002.6,1012.6,7,-1.3,18.2,12.4,69.0,14.4,-9.0,-9.0,-9,-9,-,9,10,5,2841,0.0,0.39,-9,18.7,17.6,-9.0,-9,3,2
202405120900,108,25,1.5,-9,1000.9,1011.0,1,0.1,14.5,11.0,80.0,13.1,-9.0,-9.0,-9,-9,-,2,10,5,1147,0.9,1.83,-9,23.0,16.7,-9.0,-9,3,2
202405130900,108,16,0.8,-9,1004.9,1014.9,0,0.8,17.7,10.7,64.0,12.9,-9.0,-9.0,-9,-9,-,0,-9,-9,1919,1.0,1.98,-9,24.9,17.1,-9.0,-9,3,2
202405140900,108,18,1.7,-9,1006.3,1016.3,0,0.4,18.7,8.0,50.0,10.7,-9.0,-9.0,-9,-9,-,0,-9,0,2316,1.0,1.95,-9,25.3,17.7,-9.0,-9,3,2
202405150900,108,29,3.1,-9,1003.7,1013.7,7,-0.9,17.6,8.9,57.0,11.4,-9.0,-9.0,-9,-9,-,2,10,5,2474,1.0,1.72,-9,23.6,18.2,-9.0,-9,3,2
202405160900,108,29,2.3,-9,1000.5,1010.8,8,-0.2,11.6,6.3,70.0,9.5,-9.0,-9.0,-9,-9,-,0,-9,-9,2689,1.0,2.13,-9,21.7,15.8,-9.0,-9,3,2
202405170900,108,9,1.6,-9,1004.0,1014.1,2,0.8,16.8,11.7,72.0,13.7,-9.0,-9.0,-9,-9,19,0,-9,0,1161,1.0,1.80,-9,22.2,16.5,-9.0,-9,3,2
202405180900,108,11,1.1,-9,1008.0,1018.0,1,0.6,20.4,13.8,66.0,15.8,-9.0,-9.0,-9,-9,-,3,15,5,3742,0.8,1.58,-9,24.0,17.6,-9.0,-9,3,2
202405190900,108,9,0.7,-9,1006.2,1016.1,8,-0.2,21.0,15.0,69.0,17.0,-9.0,-9.0,-9,-9,-,0,-9,-9,2692,1.0,1.92,-9,26.5,18.7,-9.0,-9,3,2
202405200900,108,25,1.3,-9,1005.6,1015.5,1,1.1,19.7,14.5,72.0,16.5,-9.0,-9.0,-9,-9,-,8,10,5,2093,0.0,0.64,-9,21.9,19.6,-9.0,-9,3,2
202405210900,108,5,2.3,-9,1009.4,1019.4,1,0.9,20.8,15.9,74.0,18.1,-9.0,-9.0,-9,-9,-,3,10,5,1518,0.6,1.59,-9,26.0,19.2,-9.0,-9,3,2
202405220900,108,29,2.0,-9,1007.9,1017.9,4,0.0,18.8,15.4,81.0,17.5,-9.0,-9.0,10,11,19,7,8,5,428,0.0,1.21,-9,24.7,20.2,-9.0,-9,3,1
202405230900,108,25,1.6,-9,1001.9,1011.8,7,-0.7,19.6,14.6,73.0,16.6,-9.0,-9.0,-9,-9,19,0,-9,-9,1017,1.0,2.00,-9,28.7,20.4,-9.0,-9,3,2
202405240900,108,27,1.8,-9,1002.9,1012.9,2,1.1,17.9,14.5,81.0,16.5,-9.0,-9.0,10,22,19,9,3,6,766,0.0,0.81,-9,25.2,20.9,-9.0,-9,3,1
202405250900,108,11,2.0,-9,1006.6,1016.6,2,1.2,19.9,10.8,56.0,12.9,-9.0,-9.0,-9,-9,-,9,9,5,3261,0.0,0.43,-9,23.9,21.0,-9.0,-9,3,2
202405260900,108,16,2.0,-9,998.5,1008.3,7,-1.3,22.6,12.8,54.0,14.8,-9.0,-9.0,-9,-9,-,5,12,5,2647,0.8,1.78,-9,31.9,21.0,-9.0,-9,3,2
202405270900,108,29,3.4,-9,993.7,1003.6,4,0.0,17.6,10.4,63.0,12.6,-9.0,-9.0,-9,-9,-,0,-9,0,3519,1.0,2.10,-9,25.5,20.1,-9.0,-9,3,2
202405280900,108,5,3.6,-9,996.3,1006.2,2,0.4,19.8,11.0,57.0,13.1,-9.0,-9.0,-9,-9,-,0,-9,-9,3746,1.0,2.08,-9,27.0,19.9,-9.0,-9,3,2
202405290900,108,20,1.7,-9,1003.0,1012.9,2,0.5,21.2,13.3,61.0,15.3,-9.0,-9.0,-9,-9,-,0,-9,-9,2626,1.0,1.98,-9,30.4,20.0,-9.0,-9,3,2
202405300900,108,2,2.3,-9,1002.5,1012.4,3,0.1,20.4,9.0,48.0,11.5,-9.0,-9.0,-9,-9,-,4,45,0,3216,0.1,1.20,-9,27.2,20.6,-9.0,-9,3,2
202405310900,108,27,3.2,-9,1000.3,1010.2,1,0.1,20.6,13.0,62.0,15.0,-9.0,-9.0,-9,-9,-,1,10,5,1750,1.0,2.06,-9,31.6,20.2,-9.0,-9,3,2
202406010900,108,27,2.4,-9,1001.0,1010.9,1,0.3,19.4,13.7,70.0,15.7,-9.0,-9.0,-9,62,-,5,8,5,1699,0.4,1.27,-9,25.5,21.0,-9.0,-9,3,1
202406020900,108,25,1.8,-9,1000.3,1010.2,8,-0.5,20.3,10.1,52.0,12.4,-9.0,-9.0,-9,-9,-,0,-9,-9,3297,1.0,2.05,-9,33.1,21.1,-9.0,-9,3,2
202406030900,108,5,2.6,-9,1001.1,1011.0,1,0.5,21.4,11.1,52.0,13.2,-9.0,-9.0,-9,-9,-,0,-9,-9,3701,1.0,2.10,-9,34.5,21.1,-9.0,-9,3,2
202406040900,108,7,2.1,-9,1006.2,1016.1,2,0.8,22.3,10.1,46.0,12.4,-9.0,-9.0,-9,-9,-,0,-9,-9,4374,1.0,2.10,-9,36.0,21.6,-9.0,-9,3,2
202406050900,108,5,2.0,-9,1008.7,1018.5,1,0.4,24.1,13.6,52.0,15.6,-9.0,-9.0,-9,-9,-,0,-9,0,2150,1.0,1.98,-9,37.6,21.9,-9.0,-9,3,2
202406060900,108,9,1.0,-9,1007.6,1017.4,1,0.1,23.6,15.1,59.0,17.2,-9.0,-9.0,-9,-9,-,0,-9,0,1187,1.0,1.85,-9,36.8,22.5,-9.0,-9,3,2
202406070900,108,27,1.9,-9,1005.1,1015.0,7,-0.3,22.4,13.4,57.0,15.4,-9.0,-9.0,-9,-9,-,0,-9,0,1976,1.0,1.67,-9,35.5,22.7,-9.0,-9,3,2
202406080900,108,9,1.1,-9,999.7,1009.7,6,-0.3,18.1,16.6,91.0,18.9,-9.0,-9.0,61,66,1901,8,5,7,254,0.0,0.11,-9,19.2,22.7,-9.0,-9,1,1
202406090900,108,18,1.0,-9,998.4,1008.2,4,0.0,22.2,17.1,73.0,19.5,-9.0,-9.0,-9,-9,-,1,8,5,1847,1.0,1.89,-9,28.9,21.5,-9.0,-9,3,2
202406100900,108,16,1.7,-9,998.1,1007.8,7,-1.0,23.8,16.5,64.0,18.8,-9.0,-9.0,-9,-9,-,0,-9,-9,1532,1.0,1.80,-9,31.0,22.3,-9.0,-9,3,2
202406110900,108,11,1.5,-9,998.4,1008.1,4,0.0,24.8,18.4,68.0,21.2,-9.0,-9.0,5,22,4019,8,12,5,611,0.7,1.59,-9,35.7,23.4,-9.0,-9,3,1
202406120900,108,9,1.6,-9,996.6,1006.3,7,-2.0,24.2,16.4,62.0,18.6,-9.0,-9.0,-9,-9,-,0,-9,0,2012,1.0,1.84,-9,35.3,23.7,-9.0,-9,3,2
202406130900,108,9,0.8,-9,994.7,1004.4,7,-1.1,25.6,16.9,59.0,19.2,-9.0,-9.0,-9,-9,-,0,-9,-9,1956,1.0,1.95,-9,38.4,23.8,-9.0,-9,3,2
202406140900,108,11,1.4,-9,996.1,1005.7,8,-0.4,26.5,17.5,58.0,20.0,-9.0,-9.0,-9,-9,-,0,-9,0,2150,1.0,1.76,-9,39.2,24.5,-9.0,-9,3,2
202406150900,108,25,1.4,-9,994.4,1004.1,6,-0.4,23.7,19.6,78.0,22.8,-9.0,-9.0,-9,62,19,8,13,5,1027,0.1,1.12,-9,27.9,24.5,-9.0,-9,3,1
202406160900,108,27,2.9,-9,996.5,1006.2,2,0.9,23.4,16.4,65.0,18.6,-9.0,-9.0,-9,-9,-,0,-9,-9,2724,1.0,2.05,-9,30.3,23.8,-9.0,-9,3,2
202406170900,108,16,1.5,-9,999.0,1008.7,7,-0.6,24.7,14.1,52.0,16.1,-9.0,-9.0,-9,-9,-,0,-9,0,3051,1.0,1.98,-9,34.2,23.9,-9.0,-9,3,2
202406180900,108,16,1.5,-9,996.9,1006.6,7,-0.4,25.2,18.1,65.0,20.8,-9.0,-9.0,-9,-9,-,0,-9,-9,1674,1.0,1.91,-9,37.5,24.1,-9.0,-9,3,2
202406190900,108,7,1.3,-9,999.7,1009.4,8,-0.2,26.8,18.9,62.0,21.8,-9.0,-9.0,-9,-9,-,0,-9,0,1826,1.0,1.76,-9,37.8,24.4,-9.0,-9,3,2
202406200900,108,5,2.2,-9,996.0,1005.6,8,-0.5,28.4,16.6,49.0,18.9,-9.0,-9.0,-9,-9,-,0,-9,-9,1763,1.0,1.90,-9,40.8,25.3,-9.0,-9,3,2
202406210900,108,16,1.3,-9,992.2,1001.8,7,-0.5,27.8,16.1,49.0,18.3,-9.0,-9.0,-9,-9,-,0,-9,0,2444,1.0,1.70,-9,40.6,25.8,-9.0,-9,3,2
202406220900,108,9,2.3,-9,990.0,999.6,7,-1.6,26.0,19.3,67.0,22.4,-9.0,-9.0,60,66,01,7,10,5,1910,0.0,0.36,-9,26.3,26.0,-9.0,-9,1,1
202406230900,108,27,1.2,-9,988.5,998.1,2,1.0,24.0,21.5,86.0,25.6,-9.0,-9.0,-9,62,-,7,10,5,1749,0.0,0.76,-9,26.6,24.1,-9.0,-9,3,1
202406240900,108,20,3.0,-9,992.6,1002.2,1,0.5,24.4,20.5,79.0,24.1,-9.0,-9.0,-9,-9,-,7,8,5,1462,0.1,0.85,-9,28.2,24.8,-9.0,-9,3,2
202406250900,108,25,3.5,-9,1000.1,1009.9,0,0.4,23.2,12.4,51.0,14.4,-9.0,-9.0,-9,-9,-,0,-9,0,3936,1.0,2.07,-9,30.4,23.9,-9.0,-9,3,2
202406260900,108,2,1.1,-9,1005.8,1015.6,0,0.1,23.8,16.8,65.0,19.1,-9.0,-9.0,-9,-9,-,0,-9,0,2713,1.0,1.98,-9,34.3,23.7,-9.0,-9,3,2
202406270900,108,7,1.5,-9,1003.4,1013.1,7,-1.3,26.2,16.7,56.0,19.0,-9.0,-9.0,-9,-9,-,0,-9,0,2932,1.0,1.89,-9,36.9,24.1,-9.0,-9,3,2
202406280900,108,27,1.7,-9,998.1,1007.8,7,-0.3,26.7,16.9,55.0,19.2,-9.0,-9.0,-9,-9,-,0,-9,0,2166,1.0,1.75,-9,37.3,24.5,-9.0,-9,3,2
202406290900,108,11,2.2,-9,996.4,1006.0,7,-0.9,27.1,16.6,53.0,18.9,-9.0,-9.0,-9,-9,-,1,15,5,1984,0.8,1.67,-9,37.3,25.0,-9.0,-9,3,2
202406300900,108,20,4.8,542,985.0,994.7,0,0.2,22.5,21.3,93.0,25.3,-9.0,-9.0,60,66,1901,8,7,5,808,0.0,0.11,-9,22.5,24.8,-9.0,-9,1,1
202407010900,108,27,1.3,-9,994.2,1003.9,1,0.6,24.9,19.2,71.0,22.2,-9.0,-9.0,-9,-9,-,8,8,5,2994,0.7,1.77,-9,30.3,23.9,-9.0,-9,3,2
202407020900,108,7,3.1,-9,994.6,1004.3,1,0.2,23.7,21.0,85.0,24.9,-9.0,-9.0,61,66,01,7,6,7,1118,0.0,0.14,-9,23.5,24.4,-9.0,-9,1,1
202407030900,108,23,3.7,748,998.1,1007.8,2,2.2,24.3,20.6,80.0,24.3,-9.0,-9.0,-9,62,-,8,7,5,3109,0.1,0.66,-9,26.9,23.5,-9.0,-9,3,1
202407040900,108,23,2.8,-9,999.5,1009.2,7,-0.9,24.5,20.6,79.0,24.3,-9.0,-9.0,10,62,19,9,10,5,556,0.1,0.87,-9,27.0,23.2,-9.0,-9,3,1
202407050900,108,20,3.1,301,994.6,1004.4,2,2.4,22.2,20.2,89.0,23.7,-9.0,-9.0,-9,65,-,9,9,5,1992,0.0,0.28,-9,23.1,22.9,-9.0,-9,3,1
202407060900,108,5,2.4,-9,994.1,1003.8,6,-0.3,22.7,21.1,91.0,25.0,-9.0,-9.0,10,62,19,6,8,5,812,0.0,0.31,-9,23.5,22.5,-9.0,-9,3,1
202407070900,108,5,1.5,-9,994.9,1004.6,0,0.7,23.6,21.1,86.0,25.0,-9.0,-9.0,-9,-9,-,6,35,0,1080,0.0,0.65,-9,26.8,23.3,-9.0,-9,3,2
202407080900,108,23,2.0,-9,993.3,1002.9,0,0.1,24.2,22.9,93.0,27.9,-9.0,-9.0,60,62,1901,8,8,5,1238,0.0,0.18,-9,24.6,24.3,-9.0,-9,1,1
202407090900,108,18,2.1,-9,995.4,1005.1,2,1.7,24.1,21.7,87.0,26.0,-9.0,-9.0,-9,-9,-,9,8,5,1576,0.0,0.66,-9,27.2,24.0,-9.0,-9,3,2
202407100900,108,5,2.4,-9,990.2,999.8,2,0.4,26.4,22.0,77.0,26.4,-9.0,-9.0,-9,62,-,0,-9,0,4203,0.9,1.60,-9,30.3,24.1,-9.0,-9,3,1
202407110900,108,23,1.7,-9,993.0,1002.6,2,0.8,24.4,22.0,87.0,26.4,-9.0,-9.0,10,22,19,9,7,5,452,0.0,0.71,-9,27.5,25.0,-9.0,-9,3,1
202407120900,108,27,1.3,-9,993.1,1002.8,0,0.4,23.8,21.3,86.0,25.3,-9.0,-9.0,10,11,19,10,5,6,683,0.0,0.45,-9,25.6,25.2,-9.0,-9,3,1
202407130900,108,5,2.1,-9,995.2,1004.8,2,0.6,27.2,23.2,79.0,28.4,-9.0,-9.0,10,0,19,0,-9,-9,935,1.0,1.51,-9,31.9,25.2,-9.0,-9,3,1
202407140900,108,5,3.2,-9,999.8,1009.5,2,1.3,26.8,19.9,66.0,23.2,-9.0,-9.0,-9,-9,-,5,10,5,1572,0.8,1.47,-9,29.9,26.0,-9.0,-9,3,2
202407150900,108,7,2.7,-9,1001.9,1011.5,0,0.1,28.2,20.4,63.0,24.0,-9.0,-9.0,-9,-9,-,0,-9,-9,3200,1.0,1.85,-9,34.8,26.2,-9.0,-9,3,2
202407160900,108,14,2.3,-9,1000.7,1010.3,8,-0.2,28.7,22.2,68.0,26.8,-9.0,-9.0,-9,-9,-,1,10,5,3630,0.9,1.62,-9,34.3,26.3,-9.0,-9,3,2
202407170900,108,25,2.4,-9,998.8,1008.5,2,1.3,25.2,24.6,97.0,30.9,-9.0,-9.0,97,96,01,9,4,9,80,0.0,0.07,-9,24.5,25.9,-9.0,-9,1,1
202407180900,108,23,2.2,356,992.4,1002.1,0,0.7,23.3,22.4,95.0,27.1,-9.0,-9.0,61,66,1901,7,5,7,998,0.0,0.26,-9,24.2,24.9,-9.0,-9,1,1
202407190900,108,18,2.0,-9,995.3,1005.0,2,0.4,25.8,23.4,87.0,28.8,-9.0,-9.0,-9,52,-,9,7,5,1382,0.3,1.14,-9,29.3,24.3,-9.0,-9,3,1
202407200900,108,18,3.0,-9,998.6,1008.3,3,0.4,26.5,22.5,79.0,27.2,-9.0,-9.0,60,62,01,8,8,5,2267,0.2,0.89,-9,27.1,25.7,-9.0,-9,1,1
202407210900,108,23,3.3,305,998.3,1008.0,2,3.1,23.7,21.9,90.0,26.3,-9.0,-9.0,60,66,01,8,9,5,1189,0.0,0.24,-9,24.1,25.8,-9.0,-9,1,1
202407220900,108,18,3.2,-9,997.5,1007.2,2,0.2,26.5,24.3,88.0,30.4,-9.0,-9.0,21,62,01,8,6,5,2904,0.0,0.14,-9,25.7,26.1,-9.0,-9,1,1
202407230900,108,20,3.0,301,995.1,1004.7,3,0.8,26.4,24.0,87.0,29.8,-9.0,-9.0,-9,62,-,8,6,5,3317,0.0,0.24,-9,26.2,25.7,-9.0,-9,3,1
202407240900,108,0,0.3,-9,995.2,1004.8,0,1.0,27.2,25.9,93.0,33.4,-9.0,-9.0,21,62,01,9,8,5,2466,0.2,0.80,-9,30.2,25.7,-9.0,-9,1,1
202407250900,108,14,1.2,-9,996.0,1005.6,0,0.4,28.5,25.3,83.0,32.2,-9.0,-9.0,-9,82,-,3,5,5,2465,0.2,1.07,-9,31.2,26.4,-9.0,-9,3,1
202407260900,108,9,1.2,-9,999.3,1008.9,1,0.4,28.6,25.6,84.0,32.8,-9.0,-9.0,-9,-9,-,5,17,5,2851,0.9,1.48,-9,32.4,26.8,-9.0,-9,3,2
202407270900,108,16,2.6,-9,1004.5,1014.1,2,0.8,29.2,24.9,78.0,31.5,-9.0,-9.0,-9,-9,-,7,8,5,3730,0.2,0.96,-9,30.7,27.4,-9.0,-9,3,2
202407280900,108,18,3.9,-9,1003.6,1013.2,7,-0.8,29.3,24.4,75.0,30.6,-9.0,-9.0,-9,-9,-,7,8,5,2686,0.7,1.37,-9,33.0,27.7,-9.0,-9,3,2
202407290900,108,23,3.8,415,999.9,1009.5,8,-0.1,27.6,24.2,82.0,30.2,-9.0,-9.0,60,66,01,8,9,5,2499,0.0,0.23,-9,26.9,27.7,-9.0,-9,1,1
202407300900,108,23,1.9,-9,998.2,1007.9,0,0.3,26.7,23.9,85.0,29.7,-9.0,-9.0,-9,-9,-,9,7,5,1997,0.0,0.25,-9,26.9,26.9,-9.0,-9,3,2
202407310900,108,18,2.5,-9,997.7,1007.3,7,-0.5,28.3,24.3,79.0,30.4,-9.0,-9.0,-9,-9,-,7,10,5,3456,0.1,0.68,-9,30.2,27.4,-9.0,-9,3,2
202408010900,108,16,3.0,-9,995.0,1004.5,8,-0.2,28.9,25.0,80.0,31.7,-9.0,-9.0,-9,61,-,8,8,5,1316,0.1,0.84,-9,31.1,27.7,-9.0,-9,3,1
202408020900,108,20,2.8,-9,994.3,1003.8,0,0.2,28.9,25.0,80.0,31.7,-9.0,-9.0,-9,-9,-,9,7,5,2186,0.0,0.42,-9,29.2,27.9,-9.0,-9,3,2
202408030900,108,32,1.1,-9,998.1,1007.7,2,0.7,28.6,25.4,83.0,32.4,-9.0,-9.0,10,22,19,9,6,5,801,0.0,0.73,-9,31.2,27.8,-9.0,-9,3,1
202408040900,108,5,2.0,-9,998.7,1008.3,3,0.2,30.6,26.0,77.0,33.6,-9.0,-9.0,-9,-9,-,1,10,5,1310,1.0,1.55,-9,36.5,28.3,-9.0,-9,3,2
202408050900,108,7,1.0,-9,997.9,1007.5,2,0.2,29.1,25.7,82.0,33.0,-9.0,-9.0,-9,98,-,2,8,5,1747,0.5,1.06,-9,34.4,29.0,-9.0,-9,3,1
202408060900,108,11,1.8,-9,999.5,1009.2,2,1.1,27.2,23.8,82.0,29.5,-9.0,-9.0,29,98,04,5,6,8,3339,0.1,0.48,-9,28.3,28.6,-9.0,-9,1,1
202408070900,108,27,1.8,-9,997.6,1007.2,1,0.2,29.8,24.1,72.0,30.0,-9.0,-9.0,-9,-9,-,2,10,5,2894,0.4,1.29,-9,34.8,28.7,-9.0,-9,3,2
202408080900,108,16,2.4,-9,995.1,1004.7,8,-0.1,27.4,23.6,80.0,29.1,-9.0,-9.0,-9,62,-,7,7,8,2323,0.0,0.30,-9,27.3,28.6,-9.0,-9,3,1
202408090900,108,5,1.5,-9,995.2,1004.7,7,-0.4,29.1,24.2,75.0,30.2,-9.0,-9.0,-9,-9,-,3,10,5,1906,1.0,1.70,-9,36.2,28.0,-9.0,-9,3,2
202408100900,108,5,2.2,-9,994.1,1003.6,8,-0.1,28.9,24.8,79.0,31.3,-9.0,-9.0,-9,-9,-,1,13,5,1407,0.5,1.17,-9,35.3,28.1,-9.0,-9,3,2
202408110900,108,11,2.2,-9,993.4,1002.9,1,0.6,30.2,25.2,75.0,32.1,-9.0,-9.0,-9,-9,-,3,7,5,1303,0.7,1.36,-9,36.7,28.2,-9.0,-9,3,2
202408120900,108,2,2.0,-9,994.7,1004.2,1,0.5,30.0,25.2,76.0,32.1,-9.0,-9.0,-9,-9,-,6,6,8,1601,0.0,0.65,-9,33.3,28.5,-9.0,-9,3,2
202408130900,108,7,2.4,-9,998.8,1008.4,2,0.9,30.5,25.3,74.0,32.2,-9.0,-9.0,-9,-9,-,6,11,5,1664,0.7,1.24,-9,37.7,28.4,-9.0,-9,3,2
202408140900,108,5,2.3,-9,998.6,1008.1,1,0.4,31.1,25.4,72.0,32.4,-9.0,-9.0,-9,-9,-,1,7,5,2110,1.0,1.50,-9,40.6,28.9,-9.0,-9,3,2
202408150900,108,5,2.3,-9,998.7,1008.3,2,0.5,29.3,23.9,73.0,29.7,-9.0,-9.0,-9,-9,-,2,13,5,2419,0.5,1.23,-9,33.4,28.4,-9.0,-9,3,2
202408160900,108,7,2.0,-9,999.3,1008.9,2,0.4,29.4,23.5,71.0,28.9,-9.0,-9.0,-9,-9,-,1,8,5,2367,0.9,1.41,-9,31.8,27.8,-9.0,-9,3,2
202408170900,108,9,1.4,-9,1001.1,1010.7,1,0.3,30.0,23.6,69.0,29.1,-9.0,-9.0,-9,-9,-,0,-9,0,3038,1.0,1.44,-9,34.3,26.8,-9.0,-9,3,2
202408180900,108,11,2.0,-9,1000.2,1009.8,8,-0.2,29.5,24.1,73.0,30.0,-9.0,-9.0,-9,61,-,1,10,5,3127,0.7,1.33,-9,33.8,27.5,-9.0,-9,3,1
202408190900,108,9,2.6,-9,998.7,1008.2,0,0.2,29.5,24.8,76.0,31.3,-9.0,-9.0,-9,-9,-,1,8,5,1980,1.0,1.42,-9,34.4,26.7,-9.0,-9,3,2
202408200900,108,7,2.4,-9,999.7,1009.3,3,0.4,30.4,24.7,72.0,31.1,-9.0,-9.0,-9,-9,-,0,-9,0,2136,0.9,1.34,-9,33.5,26.9,-9.0,-9,3,2
202408210900,108,18,3.0,-9,996.9,1006.5,2,0.9,27.0,25.9,94.0,33.4,-9.0,-9.0,63,96,01,9,3,7,766,0.0,0.02,-9,25.9,26.8,-9.0,-9,1,1
202408220900,108,14,2.9,-9,993.9,1003.4,7,-1.2,29.9,24.7,74.0,31.1,-9.0,-9.0,-9,-9,-,7,10,5,3386,0.4,0.99,-9,29.8,26.2,-9.0,-9,3,2
202408230900,108,20,2.7,-9,998.2,1007.8,2,1.2,27.0,23.6,82.0,29.1,-9.0,-9.0,-9,62,-,8,6,5,1559,0.1,0.67,-9,29.5,26.7,-9.0,-9,3,1
202408240900,108,9,0.9,-9,1001.1,1010.7,1,0.3,27.7,24.1,81.0,30.0,-9.0,-9.0,10,0,19,3,6,5,584,0.5,1.02,-9,31.5,25.9,-9.0,-9,3,1
202408250900,108,5,1.5,-9,1000.1,1009.7,0,0.3,27.4,24.4,84.0,30.6,-9.0,-9.0,10,0,19,1,16,5,555,0.6,1.16,-9,30.6,25.6,-9.0,-9,3,1
202408260900,108,2,2.0,-9,997.8,1007.4,0,0.3,27.2,24.0,83.0,29.8,-9.0,-9.0,10,11,19,0,-9,0,923,0.0,0.62,-9,28.0,25.8,-9.0,-9,3,1
202408270900,108,5,2.7,-9,997.2,1006.9,2,1.5,25.0,20.8,78.0,24.6,-9.0,-9.0,61,66,01,7,8,7,1877,0.0,0.20,-9,24.6,25.4,-9.0,-9,1,1
202408280900,108,7,3.6,-9,999.8,1009.5,2,0.8,27.0,20.0,66.0,23.4,-9.0,-9.0,-9,-9,-,0,-9,-9,3009,1.0,1.60,-9,30.1,24.8,-9.0,-9,3,2
202408290900,108,7,2.8,-9,998.5,1008.1,4,0.0,27.2,19.0,61.0,22.0,-9.0,-9.0,-9,-9,-,0,-9,-9,3323,1.0,1.62,-9,32.9,26.8,-9.0,-9,3,2
202408300900,108,7,2.2,-9,996.2,1005.8,0,0.4,27.5,20.5,66.0,24.1,-9.0,-9.0,-9,-9,-,3,40,0,4276,1.0,1.37,-9,34.8,27.1,-9.0,-9,3,2
202408310900,108,20,1.3,-9,997.2,1006.9,0,0.8,25.8,20.8,74.0,24.6,-9.0,-9.0,-9,-9,-,0,-9,0,2246,1.0,1.52,-9,34.8,27.0,-9.0,-9,3,2
202409010900,108,18,2.3,-9,997.6,1007.3,0,0.2,26.3,21.9,77.0,26.3,-9.0,-9.0,10,11,19,3,8,5,911,0.3,0.85,-9,33.0,27.0,-9.0,-9,3,1
202409020900,108,5,1.2,-9,998.9,1008.7,2,1.5,22.8,18.1,75.0,20.8,-9.0,-9.0,60,62,01,7,11,5,2783,0.0,0.11,-9,23.4,26.9,-9.0,-9,1,1
202409030900,108,5,3.9,-9,1003.6,1013.4,2,0.8,25.6,14.7,51.0,16.7,-9.0,-9.0,-9,-9,-,1,18,5,3993,0.8,1.26,-9,29.5,25.9,-9.0,-9,3,2
202409040900,108,5,2.1,-9,1001.3,1011.0,3,0.2,26.1,18.2,62.0,20.9,-9.0,-9.0,-9,-9,-,0,-9,-9,3500,1.0,1.46,-9,34.3,26.0,-9.0,-9,3,2
202409050900,108,20,4.1,-9,997.5,1007.1,0,0.2,27.5,21.7,71.0,26.0,-9.0,-9.0,-9,-9,-,5,6,5,3206,0.6,1.05,-9,33.5,26.8,-9.0,-9,3,2
202409060900,108,7,2.7,-9,1001.3,1011.0,2,1.5,24.6,21.5,83.0,25.6,-9.0,-9.0,-9,62,-,8,7,5,2116,0.0,0.28,-9,25.6,26.2,-9.0,-9,3,1
202409070900,108,5,2.1,-9,1003.8,1013.6,2,0.6,25.0,20.4,76.0,24.0,-9.0,-9.0,-9,-9,-,7,10,5,3350,0.6,1.06,-9,28.0,25.4,-9.0,-9,3,2
202409080900,108,7,1.2,-9,1004.8,1014.6,2,0.5,25.7,21.1,76.0,25.0,-9.0,-9.0,-9,-9,-,0,-9,-9,1732,1.0,1.29,-9,29.1,25.9,-9.0,-9,3,2
202409090900,108,7,1.8,-9,1003.8,1013.5,1,0.6,27.9,22.3,72.0,26.9,-9.0,-9.0,-9,-9,-,1,14,5,2485,1.0,1.35,-9,31.7,24.9,-9.0,-9,3,2
202409100900,108,5,1.8,-9,1003.7,1013.3,0,0.3,28.8,23.9,75.0,29.7,-9.0,-9.0,-9,-9,-,0,-9,-9,1576,1.0,1.23,-9,33.4,25.3,-9.0,-9,3,2
202409110900,108,7,1.6,-9,1006.1,1015.7,0,0.2,29.3,23.4,71.0,28.8,-9.0,-9.0,-9,-9,-,0,-9,-9,1806,1.0,1.32,-9,34.8,25.6,-9.0,-9,3,2
202409120900,108,5,2.5,-9,1005.7,1015.5,1,0.4,25.5,24.2,93.0,30.2,-9.0,-9.0,60,66,01,9,6,5,2474,0.0,0.20,-9,26.3,26.9,-9.0,-9,1,1
202409130900,108,5,1.1,-9,1000.4,1010.1,8,-0.2,25.7,24.2,92.0,30.2,-9.0,-9.0,-9,62,-,4,7,5,1927,0.0,0.43,-9,27.4,26.3,-9.0,-9,3,1
202409140900,108,7,1.3,-9,996.4,1006.0,1,0.2,27.1,24.9,88.0,31.5,-9.0,-9.0,-9,-9,-,7,9,5,2958,0.5,1.03,-9,29.9,25.9,-9.0,-9,3,2
202409150900,108,7,2.1,-9,999.2,1008.8,2,1.1,27.3,24.3,84.0,30.4,-9.0,-9.0,-9,-9,-,6,9,5,2790,0.7,0.92,-9,27.5,24.8,-9.0,-9,3,2
202409160900,108,5,2.7,-9,1005.7,1015.6,2,0.7,22.6,20.8,90.0,24.6,-9.0,-9.0,25,82,04,8,12,5,4706,0.0,0.49,-9,25.7,26.0,-9.0,-9,1,1
202409170900,108,5,1.6,-9,1006.0,1015.7,0,0.5,27.0,23.8,83.0,29.5,-9.0,-9.0,-9,-9,-,6,15,5,4454,0.0,0.38,-9,27.8,24.9,-9.0,-9,3,2
202409180900,108,29,1.0,-9,1004.1,1013.8,2,0.4,28.0,25.0,84.0,31.7,-9.0,-9.0,-9,-9,-,3,19,5,3028,0.0,0.66,-9,30.1,25.2,-9.0,-9,3,2
202409190900,108,5,2.2,-9,1005.0,1014.7,2,0.6,27.2,24.0,83.0,29.8,-9.0,-9.0,-9,-9,-,7,36,0,3491,0.0,0.70,-9,29.7,25.6,-9.0,-9,3,2
202409200900,108,5,2.3,314,1000.9,1010.6,7,-0.8,26.3,24.5,90.0,30.7,-9.0,-9.0,-9,96,-,8,12,5,3234,0.0,0.33,-9,28.2,25.5,-9.0,-9,3,1
202409210900,108,7,4.7,747,997.9,1007.9,0,1.0,17.2,16.8,98.0,19.1,-9.0,-9.0,63,66,1901,8,7,7,2254,0.0,0.17,-9,18.7,23.3,-9.0,-9,1,1
202409220900,108,7,2.6,-9,1002.5,1012.4,2,1.5,20.5,15.2,72.0,17.3,-9.0,-9.0,-9,-9,-,7,18,5,4536,0.5,1.11,-9,23.0,23.8,-9.0,-9,3,2
202409230900,108,5,4.0,-9,1009.1,1019.1,2,0.7,19.9,11.6,59.0,13.7,-9.0,-9.0,-9,-9,-,0,-9,-9,4540,1.0,1.38,-9,20.0,23.8,-9.0,-9,3,2
202409240900,108,7,2.7,-9,1007.8,1017.8,0,0.2,19.4,11.9,62.0,13.9,-9.0,-9.0,-9,-9,-,0,-9,-9,4354,1.0,1.38,-9,19.8,23.2,-9.0,-9,3,2
202409250900,108,7,1.9,-9,1005.3,1015.2,2,1.2,22.0,16.0,69.0,18.2,-9.0,-9.0,-9,-9,-,1,13,5,4061,1.0,1.15,-9,21.7,23.1,-9.0,-9,3,2
202409260900,108,5,1.5,-9,1003.7,1013.6,2,0.7,22.0,19.5,86.0,22.7,-9.0,-9.0,-9,62,-,3,14,5,2420,0.0,0.57,-9,24.1,22.1,-9.0,-9,3,1
202409270900,108,5,2.0,-9,1004.2,1014.1,2,1.3,21.6,18.3,82.0,21.0,-9.0,-9.0,-9,-9,-,1,14,5,2575,0.7,0.90,-9,23.0,23.7,-9.0,-9,3,2
202409280900,108,7,4.0,-9,1008.3,1018.2,2,0.9,22.3,12.8,55.0,14.8,-9.0,-9.0,-9,-9,-,0,-9,-9,3974,0.9,1.15,-9,21.1,22.1,-9.0,-9,3,2
202409290900,108,5,3.9,-9,1011.2,1021.2,0,0.3,21.2,14.5,66.0,16.5,-9.0,-9.0,-9,-9,-,3,19,5,3927,0.4,0.72,-9,21.1,22.1,-9.0,-9,3,2
202409300900,108,5,2.6,-9,1007.5,1017.4,7,-0.5,21.7,14.3,63.0,16.3,-9.0,-9.0,-9,-9,-,0,-9,0,3254,1.0,1.26,-9,21.2,23.0,-9.0,-9,3,2
202410010900,108,27,2.7,-9,999.7,1009.6,2,0.7,20.5,18.4,88.0,21.2,-9.0,-9.0,60,62,01,8,6,5,1101,0.0,0.15,-9,20.8,23.5,-9.0,-9,1,1
202410020900,108,29,3.0,-9,1008.5,1018.8,2,2.0,13.2,4.0,54.0,8.1,-9.0,-9.0,-9,-9,-,0,-9,0,4653,0.7,0.94,-9,14.6,21.5,-9.0,-9,3,2
202410050900,108,5,1.8,-9,1014.0,1024.2,1,0.4,15.7,9.5,67.0,11.9,-9.0,-9.0,-9,-9,-,0,-9,0,3206,0.9,1.06,-9,22.7,19.9,-9.0,-9,3,2
202410060900,108,5,1.8,-9,1011.8,1022.0,2,0.7,14.6,10.2,75.0,12.4,-9.0,-9.0,-9,-9,-,10,44,0,2862,0.0,0.31,-9,16.7,19.8,-9.0,-9,3,2
202410070900,108,0,0.0,-9,1007.9,1018.1,4,0.0,15.7,12.4,81.0,14.4,-9.0,-9.0,-9,-9,-,3,40,0,1731,0.2,0.61,-9,19.3,18.9,-9.0,-9,3,2
202410080900,108,5,1.2,-9,1007.4,1017.6,2,1.1,15.1,13.2,89.0,15.2,-9.0,-9.0,10,0,19,0,-9,-9,672,1.0,0.91,-9,20.1,19.0,-9.0,-9,3,1
202410090900,108,5,2.5,-9,1007.6,1017.7,0,0.2,17.4,12.0,71.0,14.0,-9.0,-9.0,-9,-9,-,0,-9,0,3820,1.0,1.13,-9,22.7,19.4,-9.0,-9,3,2
202410100900,108,5,2.6,-9,1005.4,1015.5,2,0.7,17.1,12.0,72.0,14.0,-9.0,-9.0,-9,-9,-,1,10,5,3249,0.3,0.59,-9,22.4,19.9,-9.0,-9,3,2
202410110900,108,7,2.2,-9,1007.8,1017.9,2,1.1,16.8,13.5,81.0,15.5,-9.0,-9.0,-9,-9,-,0,-9,-9,1603,1.0,0.99,-9,22.3,18.8,-9.0,-9,3,2
202410120900,108,2,2.0,-9,1013.5,1023.7,2,1.4,16.2,13.1,82.0,15.1,-9.0,-9.0,10,0,19,0,-9,-9,642,1.0,1.04,-9,21.9,19.5,-9.0,-9,3,1
202410130900,108,7,2.2,-9,1013.8,1024.0,0,0.4,16.6,12.1,75.0,14.1,-9.0,-9.0,-9,-9,-,0,-9,0,2243,1.0,1.09,-9,22.3,19.5,-9.0,-9,3,2
202410140900,108,9,2.1,-9,1010.2,1020.2,5,-0.1,18.6,13.0,70.0,15.0,-9.0,-9.0,-9,-9,-,8,48,0,3535,0.0,0.38,-9,20.2,19.7,-9.0,-9,3,2
202410150900,108,5,2.0,-9,1006.7,1016.7,2,1.2,18.4,16.1,87.0,18.3,-9.0,-9.0,60,62,01,8,10,5,789,0.0,0.20,-9,18.9,19.7,-9.0,-9,1,1
202410160900,108,5,2.6,-9,1013.2,1023.4,2,1.4,15.5,14.6,95.0,16.6,-9.0,-9.0,10,11,19,10,7,6,308,0.0,0.19,-9,16.9,18.4,-9.0,-9,3,1
202410170900,108,7,1.5,-9,1013.6,1023.9,2,1.0,15.2,12.1,82.0,14.1,-9.0,-9.0,10,22,19,0,-9,0,977,0.0,0.40,-9,17.5,19.4,-9.0,-9,3,1
202410180900,108,5,3.1,-9,1006.8,1016.8,7,-0.7,18.7,14.1,75.0,16.1,-9.0,-9.0,60,62,01,7,10,5,2378,0.0,0.21,-9,18.9,19.7,-9.0,-9,1,1
202410190900,108,27,1.8,-9,1005.5,1015.6,2,3.3,15.8,14.1,90.0,16.1,-9.0,-9.0,-9,61,-,6,7,5,3469,0.0,0.28,-9,17.1,18.8,-9.0,-9,3,1
202410200900,108,7,4.6,624,1022.3,1032.7,2,1.7,12.8,3.7,54.0,8.0,-9.0,-9.0,-9,-9,-,0,-9,-9,3750,1.0,1.01,-9,13.5,18.1,-9.0,-9,3,2
202410210900,108,5,2.7,-9,1015.7,1026.1,2,0.9,12.1,6.1,67.0,9.4,-9.0,-9.0,-9,-9,-,10,44,0,4223,0.0,0.36,-9,12.4,17.0,-9.0,-9,3,2
202410220900,108,5,2.8,-9,1006.7,1016.9,7,-1.1,15.0,13.3,90.0,15.3,-9.0,-9.0,61,66,01,7,7,7,1009,0.0,0.12,-9,15.2,16.4,-9.0,-9,1,1
202410230900,108,25,6.6,848,1003.9,1014.1,2,2.4,12.5,7.1,70.0,10.1,-9.0,-9.0,-9,62,-,7,9,5,3752,0.4,0.73,-9,14.4,15.9,-9.0,-9,3,1
202410240900,108,2,1.1,-9,1012.6,1023.0,2,1.3,9.7,6.9,83.0,9.9,-9.0,-9.0,-9,-9,-,0,-9,-9,1829,1.0,0.91,-9,12.4,14.9,-9.0,-9,3,2
202410250900,108,7,1.9,-9,1015.9,1026.3,3,0.6,12.3,8.5,78.0,11.1,-9.0,-9.0,-9,-9,-,0,-9,-9,1527,1.0,0.93,-9,13.5,15.7,-9.0,-9,3,2
202410260900,108,7,2.5,-9,1012.3,1022.5,7,-0.4,14.2,9.8,75.0,12.1,-9.0,-9.0,-9,-9,-,0,-9,0,2804,1.0,0.92,-9,14.7,14.7,-9.0,-9,3,2
202410270900,108,36,1.5,-9,1004.7,1014.9,5,-1.0,15.5,12.4,82.0,14.4,-9.0,-9.0,-9,-9,-,6,7,5,2963,0.0,0.38,-9,15.9,15.3,-9.0,-9,3,2
202410280900,108,5,2.6,-9,1004.7,1014.9,2,1.5,13.6,12.1,91.0,14.1,-9.0,-9.0,10,11,19,10,5,6,485,0.0,0.27,-9,15.0,15.1,-9.0,-9,3,1
202410290900,108,7,2.7,-9,1009.0,1019.2,2,1.5,14.2,7.2,63.0,10.2,-9.0,-9.0,-9,-9,-,2,15,5,4216,0.0,0.31,-9,13.8,16.6,-9.0,-9,3,2
202410300900,108,34,1.2,-9,1012.8,1023.1,2,1.4,13.2,10.5,84.0,12.7,-9.0,-9.0,-9,-9,-,0,-9,-9,1427,1.0,0.77,-9,14.6,16.1,-9.0,-9,3,2
202410310900,108,5,2.1,-9,1014.3,1024.6,2,0.8,13.5,9.7,78.0,12.0,-9.0,-9.0,-9,-9,-,0,-9,0,1672,1.0,0.81,-9,14.4,16.0,-9.0,-9,3,2
202411010900,108,5,1.6,-9,1011.7,1022.0,2,1.0,13.5,10.1,80.0,12.4,-9.0,-9.0,-9,-9,-,6,44,0,1061,0.0,0.14,-9,13.3,16.0,-9.0,-9,3,2
202411020900,108,27,1.3,-9,1006.8,1017.0,2,2.0,15.2,8.6,65.0,11.2,-9.0,-9.0,-9,-9,-,0,-9,-9,2667,1.0,0.78,-9,14.8,15.8,-9.0,-9,3,2
202411030900,108,5,2.6,-9,1012.8,1023.1,2,0.6,15.0,10.3,74.0,12.5,-9.0,-9.0,-9,-9,-,0,-9,-9,2752,1.0,0.77,-9,14.9,16.1,-9.0,-9,3,2
202411040900,108,27,2.5,-9,1009.4,1019.5,2,1.8,17.1,14.3,84.0,16.3,-9.0,-9.0,-9,-9,-,3,8,5,1049,0.1,0.48,-9,17.8,16.7,-9.0,-9,3,2
202411050900,108,27,1.1,-9,1012.5,1023.0,1,0.4,7.4,1.4,66.0,6.8,-9.0,-9.0,-9,-9,-,0,-9,-9,3785,1.0,0.72,-9,9.8,15.5,-9.0,-9,3,2
202411060900,108,29,3.5,-9,1015.9,1026.5,2,1.5,7.0,-1.9,53.0,5.3,-9.0,-9.0,-9,-9,-,0,-9,-9,2839,1.0,0.80,-9,6.9,13.7,-9.0,-9,3,2
202411070900,108,7,1.6,-9,1020.5,1031.2,1,1.3,4.5,-2.8,59.0,5.0,-9.0,-9.0,-9,-9,-,0,-9,-9,1983,1.0,0.78,-9,5.7,12.5,-9.0,-9,3,2
202411080900,108,5,1.3,-9,1019.0,1029.7,2,0.4,6.0,-1.6,58.0,5.4,-9.0,-9.0,-9,-9,-,0,-9,-9,1819,1.0,0.71,-9,6.4,11.8,-9.0,-9,3,2
202411090900,108,7,1.6,-9,1017.5,1028.0,1,0.7,9.1,2.6,64.0,7.4,-9.0,-9.0,-9,-9,-,0,-9,-9,1914,1.0,0.68,-9,8.7,11.9,-9.0,-9,3,2
202411100900,108,5,1.6,-9,1013.4,1023.8,2,0.5,11.4,6.3,71.0,9.5,-9.0,-9.0,-9,-9,-,6,48,0,2132,0.0,0.25,-9,10.9,12.8,-9.0,-9,3,2
202411110900,108,7,1.0,-9,1011.5,1021.9,2,1.2,11.3,6.2,71.0,9.5,-9.0,-9.0,-9,-9,-,0,-9,-9,1259,1.0,0.62,-9,10.6,13.3,-9.0,-9,3,2
202411120900,108,27,1.5,-9,1009.4,1019.7,2,1.3,12.2,8.6,79.0,11.2,-9.0,-9.0,-9,-9,-,0,-9,-9,1206,1.0,0.61,-9,11.5,13.8,-9.0,-9,3,2
202411130900,108,7,2.2,-9,1012.9,1023.3,2,1.2,10.9,6.2,73.0,9.5,-9.0,-9.0,-9,-9,-,0,-9,-9,1950,1.0,0.60,-9,9.9,13.5,-9.0,-9,3,2
202411140900,108,7,1.8,-9,1011.4,1021.6,3,0.3,14.4,8.7,69.0,11.2,-9.0,-9.0,-9,-9,-,3,12,5,2396,0.0,0.24,-9,13.3,13.8,-9.0,-9,3,2
202411150900,108,7,1.7,-9,1009.2,1019.4,2,0.9,14.7,10.8,78.0,12.9,-9.0,-9.0,21,62,01,9,26,0,1854,0.0,0.24,-9,14.3,14.2,-9.0,-9,1,1
202411160900,108,14,0.9,-9,1006.9,1017.0,4,0.0,16.4,10.9,70.0,13.0,-9.0,-9.0,-9,-9,-,8,35,0,3118,-9.0,-9.00,-9,14.9,13.9,-9.0,-9,3,2
202411170900,108,29,4.2,-9,1012.4,1023.0,2,2.8,7.0,-2.2,52.0,5.2,-9.0,-9.0,-9,-9,-,10,41,0,4251,0.0,0.21,-9,7.7,14.0,-9.0,-9,3,2
202411180900,108,32,5.6,-9,1023.3,1034.2,2,1.3,1.3,-15.2,28.0,1.9,-9.0,-9.0,-9,-9,-,0,-9,-9,4813,1.0,0.68,-9,-0.4,12.3,-9.0,-9,3,2
202411190900,108,5,2.7,-9,1021.4,1032.2,7,-0.3,3.5,-4.7,55.0,4.3,-9.0,-9.0,-9,-9,-,0,-9,0,3495,1.0,0.63,-9,-0.3,10.3,-9.0,-9,3,2
202411200900,108,5,2.2,-9,1015.3,1026.0,4,0.0,4.7,-1.5,64.0,5.5,-9.0,-9.0,-9,-9,-,9,8,5,2375,0.0,0.22,-9,5.4,9.8,-9.0,-9,3,2
202411210900,108,2,2.5,-9,1010.3,1020.8,2,0.5,7.5,4.6,82.0,8.5,-9.0,-9.0,10,62,19,8,7,5,653,0.0,0.22,-9,7.7,10.0,-9.0,-9,3,1
202411220900,108,32,2.5,-9,1013.1,1023.8,2,2.4,4.5,-2.8,59.0,5.0,-9.0,-9.0,-9,-9,-,0,-9,-9,2394,1.0,0.52,-9,3.4,10.5,-9.0,-9,3,2
202411230900,108,7,1.9,-9,1018.0,1028.8,2,1.4,3.5,-5.4,52.0,4.1,-9.0,-9.0,-9,-9,-,0,-9,0,3121,1.0,0.53,-9,-0.3,9.4,-9.0,-9,3,2
202411240900,108,7,2.3,-9,1019.7,1030.4,2,1.1,4.5,-0.1,72.0,6.1,-9.0,-9.0,-9,-9,-,0,-9,-9,4179,1.0,0.52,-9,3.0,9.0,-9.0,-9,3,2
202411250900,108,9,2.6,-9,1017.2,1027.9,3,0.1,5.8,0.0,66.0,6.1,-9.0,-9.0,-9,-9,-,0,-9,-9,3256,1.0,0.51,-9,3.7,8.3,-9.0,-9,3,2
202411260900,108,25,4.3,820,1000.6,1011.0,2,2.6,8.0,5.1,82.0,8.8,-9.0,-9.0,21,62,01,5,11,5,4149,0.0,0.07,-9,7.8,9.2,-9.0,-9,1,1
202411270900,108,25,1.2,-9,1001.4,1012.2,2,1.7,-1.0,-2.5,89.0,5.1,-9.0,15.0,70,72,05,9,8,5,1400,0.0,0.03,-9,1.2,8.9,-9.0,-9,1,1
202411280900,108,20,1.1,-9,999.5,1010.2,2,0.8,0.8,-0.2,93.0,6.0,-9.0,27.1,22,72,1905,8,8,5,701,0.0,0.04,-9,0.9,7.6,-9.0,-9,1,1
202411290900,108,27,1.2,-9,1003.4,1014.3,2,0.8,-2.2,-5.5,78.0,4.1,-9.0,11.4,-9,-9,-,2,15,5,2093,0.8,0.34,-9,0.9,7.1,-9.0,-9,3,2
202411300900,108,5,1.9,-9,1006.2,1017.0,2,1.7,0.4,-2.4,81.0,5.1,-9.0,7.8,-9,-9,-,0,-9,-9,2220,1.0,0.44,-9,0.0,6.4,-9.0,-9,3,2
202412010900,108,5,3.2,-9,1006.5,1017.1,2,0.7,3.6,3.1,97.0,7.6,-9.0,4.8,10,0,19,7,2,6,466,0.0,0.26,-9,3.5,6.2,-9.0,-9,3,1
202412020900,108,2,1.8,-9,1003.7,1014.2,0,0.4,5.7,5.2,97.0,8.8,-9.0,-9.0,10,0,19,1,8,5,456,0.1,0.22,-9,4.8,6.7,-9.0,-9,3,1
202412030900,108,27,2.6,-9,1013.7,1024.6,2,2.4,-1.8,-8.9,58.0,3.1,-9.0,-9.0,-9,-9,-,0,-9,0,3663,0.9,0.45,-9,-0.7,6.8,-9.0,-9,3,2
202412040900,108,36,0.8,-9,1012.8,1023.7,2,0.6,0.2,-9.2,49.0,3.0,-9.0,-9.0,-9,-9,-,0,-9,-9,4423,1.0,0.40,-9,-0.6,6.4,-9.0,-9,3,2
202412050900,108,5,0.8,-9,1007.1,1017.9,1,0.6,0.9,-4.1,69.0,4.5,-9.0,-9.0,-9,-9,-,0,-9,-9,3022,1.0,0.42,-9,-0.7,6.0,-9.0,-9,3,2
202412060900,108,32,3.0,-9,1009.5,1020.3,2,1.4,0.8,-8.9,48.0,3.1,-9.0,-9.0,-9,-9,-,0,-9,-9,3467,1.0,0.41,-9,-1.0,5.9,-9.0,-9,3,2
202412070900,108,27,2.2,-9,1014.0,1024.9,2,0.6,-1.1,-8.5,57.0,3.2,-9.0,-9.0,-9,-9,-,3,19,5,3719,0.5,0.33,-9,-1.3,5.4,-9.0,-9,3,2
202412080900,108,29,2.0,-9,1016.4,1027.4,2,1.5,-3.0,-9.0,63.0,3.1,-9.0,-9.0,-9,-9,-,0,-9,-9,2671,1.0,0.41,-9,-3.0,4.8,-9.0,-9,3,2
202412090900,108,5,2.4,-9,1015.5,1026.5,2,0.7,-2.8,-9.4,60.0,3.0,-9.0,-9.0,-9,-9,-,0,-9,-9,3360,1.0,0.41,-9,-2.9,4.3,-9.0,-9,3,2
202412100900,108,2,1.9,-9,1014.3,1025.2,2,0.7,-1.3,-4.4,79.0,4.4,-9.0,-9.0,-9,-9,-,0,-9,-9,1709,1.0,0.40,-9,-2.2,4.0,-9.0,-9,3,2
202412110900,108,0,0.4,-9,1012.6,1023.4,2,1.5,0.9,-6.4,58.0,3.8,-9.0,-9.0,-9,-9,-,0,-9,0,1391,0.0,0.28,-9,-0.3,3.9,-9.0,-9,3,2
202412120900,108,27,1.4,-9,1015.2,1026.2,2,1.5,-2.5,-8.5,63.0,3.2,-9.0,-9.0,-9,-9,-,0,-9,-9,1873,1.0,0.40,-9,-2.9,4.2,-9.0,-9,3,2
202412130900,108,29,1.1,-9,1010.7,1021.5,3,0.2,0.2,-10.3,45.0,2.8,-9.0,-9.0,-9,-9,-,2,16,5,2937,0.1,0.20,-9,-0.6,3.8,-9.0,-9,3,2
202412140900,108,27,1.8,-9,1015.9,1026.9,2,1.7,-2.9,-9.5,60.0,3.0,-9.0,-9.0,-9,-9,-,0,-9,-9,2412,1.0,0.38,-9,-3.4,3.8,-9.0,-9,3,2
202412150900,108,20,2.5,-9,1009.6,1020.4,0,0.6,0.3,-4.3,71.0,4.4,-9.0,-9.0,-9,71,-,8,15,5,2920,0.3,0.21,-9,-0.8,3.4,-9.0,-9,3,1
202412160900,108,0,0.1,-9,1012.0,1022.9,2,1.0,-2.1,-8.4,62.0,3.2,-9.0,-9.0,-9,-9,-,0,-9,-9,2573,1.0,0.33,-9,-3.1,3.4,-9.0,-9,3,2
202412170900,108,27,2.4,-9,1014.6,1025.6,2,1.1,-1.8,-9.2,57.0,3.0,-9.0,-9.0,-9,-9,-,1,18,5,2867,0.4,0.24,-9,-2.7,3.1,-9.0,-9,3,2
202412180900,108,32,2.5,-9,1016.4,1027.5,2,1.2,-5.3,-14.3,49.0,2.0,-9.0,-9.0,-9,-9,-,0,-9,-9,3227,1.0,0.38,-9,-5.0,2.9,-9.0,-9,3,2
202412190900,108,5,1.8,-9,1020.6,1031.8,2,1.3,-5.7,-12.4,59.0,2.4,-9.0,-9.0,-9,-9,-,0,-9,-9,1789,1.0,0.35,-9,-5.1,2.6,-9.0,-9,3,2
202412200900,108,5,2.2,-9,1013.1,1024.0,7,-1.1,-0.3,-7.5,58.0,3.5,-9.0,-9.0,-9,-9,-,6,9,5,1823,0.0,0.11,-9,-1.2,2.4,-9.0,-9,3,2
202412210900,108,25,2.8,-9,1006.8,1017.6,2,2.0,0.5,-1.1,89.0,5.6,-9.0,2.3,22,72,1905,6,5,5,349,0.0,0.09,-9,-0.2,1.8,-9.0,-9,1,1
202412220900,108,29,2.0,-9,1017.9,1029.1,2,2.7,-6.6,-13.7,57.0,2.1,-9.0,1.1,-9,-9,-,0,-9,-9,4174,1.0,0.38,-9,-4.1,2.3,-9.0,-9,3,2
202412230900,108,5,2.3,-9,1016.2,1027.2,5,-0.4,-3.2,-7.7,71.0,3.4,-9.0,0.7,-9,-9,-,7,14,5,2523,0.0,0.17,-9,-1.9,2.2,-9.0,-9,3,2
202412240900,108,25,1.2,-9,1017.5,1028.6,2,1.0,-3.4,-9.2,64.0,3.0,-9.0,-9.0,-9,-9,-,0,-9,-9,2497,1.0,0.34,-9,-4.2,2.1,-9.0,-9,3,2
202412250900,108,36,1.9,-9,1016.2,1027.1,3,0.2,-0.6,-6.3,65.0,3.8,-9.0,-9.0,-9,-9,-,1,10,5,1817,0.0,0.16,-9,-1.5,2.1,-9.0,-9,3,2
202412260900,108,27,3.4,-9,1013.5,1024.4,2,2.0,0.3,-6.1,62.0,3.9,-9.0,-9.0,5,60,40,0,-9,-9,852,0.6,0.24,-9,-1.0,2.0,-9.0,-9,3,1
202412270900,108,27,1.5,-9,1017.3,1028.4,0,1.1,-5.2,-13.5,52.0,2.2,-9.0,-9.0,-9,-9,-,0,-9,-9,3612,1.0,0.33,-9,-4.8,2.0,-9.0,-9,3,2
202412280900,108,29,1.5,-9,1014.0,1025.1,2,1.0,-6.0,-15.2,48.0,1.9,-9.0,-9.0,-9,-9,-,0,-9,-9,3117,1.0,0.33,-9,-5.4,1.9,-9.0,-9,3,2
202412290900,108,5,2.2,-9,1015.6,1026.7,2,1.7,-3.8,-9.0,67.0,3.1,-9.0,-9.0,-9,-9,-,0,-9,-9,3062,1.0,0.31,-9,-4.3,1.8,-9.0,-9,3,2
202412300900,108,5,1.2,-9,1009.1,1019.8,5,-0.3,2.8,-1.0,76.0,5.7,-9.0,-9.0,-9,-9,-,8,15,5,1348,0.0,0.11,-9,-0.4,1.6,-9.0,-9,3,2
202412310900,108,27,2.0,-9,1010.7,1021.6,2,2.5,-1.5,-10.8,49.0,2.7,-9.0,-9.0,-9,-9,-,0,-9,-9,3049,1.0,0.32,-9,-2.5,1.6,-9.0,-9,3,2
