market,candle_date_time_utc,candle_date_time_kst,opening_price,high_price,low_price,trade_price,timestamp,candle_acc_trade_price,candle_acc_trade_volume,prev_closing_price,change_price,change_rate
KRW-BTC,2024-12-30T00:00:00,2024-12-30T09:00:00,139831000.0,140680000.0,135971000.0,137892000.0,1735603199382,520848698110.80096,3767.66978148,139735000.0,-1843000.0,-0.0131892511
KRW-BTC,2024-12-29T00:00:00,2024-12-29T09:00:00,142306000.0,142380000.0,138600000.0,139735000.0,1735516799943,306515266961.3944,2180.40637674,142302000.0,-2567000.0,-0.0180390999
KRW-BTC,2024-12-28T00:00:00,2024-12-28T09:00:00,142107000.0,143000000.0,141487000.0,142302000.0,1735430399613,186348569009.08533,1311.56387337,142111000.0,191000.0,0.0013440198
KRW-BTC,2024-12-27T00:00:00,2024-12-27T09:00:00,144016000.0,146117000.0,141466000.0,142111000.0,1735343999444,464668960489.2536,3231.26328398,144076000.0,-1965000.0,-0.0136386352
KRW-BTC,2024-12-26T00:00:00,2024-12-26T09:00:00,148216000.0,149000000.0,143175000.0,144076000.0,1735257600013,499177709089.0282,3432.78442974,148081000.0,-4005000.0,-0.0270460086
KRW-BTC,2024-12-25T00:00:00,2024-12-25T09:00:00,146832000.0,148566000.0,145395000.0,148081000.0,1735171199616,428212289354.54877,2911.45446585,146831000.0,1250000.0,0.0085131886
KRW-BTC,2024-12-24T00:00:00,2024-12-24T09:00:00,142901000.0,148148000.0,141000000.0,146831000.0,1735084799762,626598586872.3685,4333.3309919,142901000.0,3930000.0,0.027501557
KRW-BTC,2024-12-23T00:00:00,2024-12-23T09:00:00,144802000.0,146200000.0,140487000.0,142901000.0,1734998399512,703151196031.0725,4913.29053371,144800000.0,-1899000.0,-0.0131146409
KRW-BTC,2024-12-22T00:00:00,2024-12-22T09:00:00,147836000.0,147950000.0,143850000.0,144800000.0,1734911999828,379824698691.60583,2605.0749353,147830000.0,-3030000.0,-0.0204965163
KRW-BTC,2024-12-21T00:00:00,2024-12-21T09:00:00,148138000.0,149700000.0,145249000.0,147830000.0,1734825599886,548294648910.75867,3714.24805316,148138000.0,-308000.0,-0.0020791424
KRW-BTC,2024-12-20T00:00:00,2024-12-20T09:00:00,147474000.0,148460000.0,139800000.0,148138000.0,1734739199969,1670193715564.6172,11567.34620544,147474000.0,664000.0,0.0045024886
KRW-BTC,2024-12-19T00:00:00,2024-12-19T09:00:00,147753000.0,153299000.0,145000000.0,147474000.0,1734652799993,1266525021155.8596,8471.89272515,147754000.0,-280000.0,-0.0018950418
KRW-BTC,2024-12-18T00:00:00,2024-12-18T09:00:00,155222000.0,155949000.0,147189000.0,147754000.0,1734566399998,1309628152098.7222,8610.82270357,155223000.0,-7469000.0,-0.0481178691
KRW-BTC,2024-12-17T00:00:00,2024-12-17T09:00:00,153403000.0,157198000.0,152885000.0,155223000.0,1734479999982,958745671966.8221,6186.2803434,153403000.0,1820000.0,0.0118641748
KRW-BTC,2024-12-16T00:00:00,2024-12-16T09:00:00,149243000.0,154924000.0,149016000.0,153403000.0,1734393600028,1082807876503.8628,7128.61771091,149243000.0,4160000.0,0.0278740041
KRW-BTC,2024-12-15T00:00:00,2024-12-15T09:00:00,145927000.0,150000000.0,145684000.0,149243000.0,1734307199985,691840989089.0537,4680.01328552,145927000.0,3316000.0,0.0227236906
KRW-BTC,2024-12-14T00:00:00,2024-12-14T09:00:00,144432000.0,146051000.0,143973000.0,145927000.0,1734220799329,464300625877.87177,3195.75670317,144402000.0,1525000.0,0.0105607956
KRW-BTC,2024-12-13T00:00:00,2024-12-13T09:00:00,142780000.0,144865000.0,142001000.0,144402000.0,1734134399564,361979534829.5213,2524.28189889,142757000.0,1645000.0,0.0115230777
KRW-BTC,2024-12-12T00:00:00,2024-12-12T09:00:00,143111000.0,145000000.0,142000000.0,142757000.0,1734047999763,589232066932.0105,4109.65334521,143111000.0,-354000.0,-0.0024736044
KRW-BTC,2024-12-11T00:00:00,2024-12-11T09:00:00,138205000.0,144276000.0,136500000.0,143111000.0,1733961599962,813102473508.0792,5786.50262004,138205000.0,4906000.0,0.0354979921
KRW-BTC,2024-12-10T00:00:00,2024-12-10T09:00:00,138934000.0,140000000.0,135490000.0,138205000.0,1733875199696,789776192066.2788,5715.11068532,138864000.0,-659000.0,-0.0047456504
KRW-BTC,2024-12-09T00:00:00,2024-12-09T09:00:00,141056000.0,141399000.0,135900000.0,138864000.0,1733788799730,865791701454.2142,6238.33236659,141005000.0,-2141000.0,-0.0151838587
KRW-BTC,2024-12-08T00:00:00,2024-12-08T09:00:00,138970000.0,141400000.0,138620000.0,141005000.0,1733702399769,359805956088.11163,2575.9253391,138960000.0,2045000.0,0.0147164652
KRW-BTC,2024-12-07T00:00:00,2024-12-07T09:00:00,139402000.0,140411000.0,137698000.0,138960000.0,1733615999694,367591447543.71985,2646.58094433,139340000.0,-380000.0,-0.0027271422
KRW-BTC,2024-12-06T00:00:00,2024-12-06T09:00:00,137501000.0,141502000.0,136000000.0,139340000.0,1733529599985,854124438187.2275,6179.75810181,137501000.0,1839000.0,0.0133744482
KRW-BTC,2024-12-05T00:00:00,2024-12-05T09:00:00,138765000.0,146100000.0,134000000.0,137501000.0,1733443200001,1924495041794.7664,13579.28987411,138760000.0,-1259000.0,-0.0090732199
KRW-BTC,2024-12-04T00:00:00,2024-12-04T09:00:00,133720000.0,139920000.0,133499000.0,138760000.0,1733356800018,948860236172.9866,6969.87081198,133700000.0,5060000.0,0.0378459237
KRW-BTC,2024-12-03T00:00:00,2024-12-03T09:00:00,133523000.0,134680000.0,88266000.0,133700000.0,1733270399967,2304644374164.456,18097.08425608,133535000.0,165000.0,0.0012356311
KRW-BTC,2024-12-02T00:00:00,2024-12-02T09:00:00,133802000.0,135800000.0,132260000.0,133535000.0,1733183999993,718060616005.2106,5356.7748251,133802000.0,-267000.0,-0.0019954859
KRW-BTC,2024-12-01T00:00:00,2024-12-01T09:00:00,133722000.0,135199000.0,133297000.0,133802000.0,1733097599734,380928725281.3921,2835.14649803,133701000.0,101000.0,0.0007554169
KRW-BTC,2024-11-30T00:00:00,2024-11-30T09:00:00,134542000.0,134809000.0,133600000.0,133701000.0,1733011199713,318361460355.6218,2374.86697435,134542000.0,-841000.0,-0.0062508362
KRW-BTC,2024-11-29T00:00:00,2024-11-29T09:00:00,133144000.0,136274000.0,132850000.0,134542000.0,1732924799573,465090047941.26117,3455.81025362,133138000.0,1404000.0,0.0105454491
KRW-BTC,2024-11-28T00:00:00,2024-11-28T09:00:00,132999000.0,134577000.0,131438000.0,133138000.0,1732838399971,391492800868.58124,2941.11026977,132999000.0,139000.0,0.0010451206
KRW-BTC,2024-11-27T00:00:00,2024-11-27T09:00:00,128800000.0,134300000.0,127900000.0,132999000.0,1732751999389,572062774905.5735,4363.00829391,128783000.0,4216000.0,0.0327372402
KRW-BTC,2024-11-26T00:00:00,2024-11-26T09:00:00,129791000.0,132579000.0,127416000.0,128783000.0,1732665599361,915544005066.4463,7063.28251032,129791000.0,-1008000.0,-0.007766332
KRW-BTC,2024-11-25T00:00:00,2024-11-25T09:00:00,136110000.0,136169000.0,129688000.0,129791000.0,1732579200004,712473615692.348,5347.73938417,136096000.0,-6305000.0,-0.0463275923
KRW-BTC,2024-11-24T00:00:00,2024-11-24T09:00:00,136000000.0,137000000.0,131501000.0,136096000.0,1732492799843,856406820436.9347,6366.61145855,136000000.0,96000.0,0.0007058824
KRW-BTC,2024-11-23T00:00:00,2024-11-23T09:00:00,136879000.0,137178000.0,134195000.0,136000000.0,1732406399883,649192517920.03,4775.60238543,136879000.0,-879000.0,-0.0064217301
KRW-BTC,2024-11-22T00:00:00,2024-11-22T09:00:00,137050000.0,138770000.0,129500000.0,136879000.0,1732319999971,1212497778066.893,8879.19477738,137050000.0,-171000.0,-0.0012477198
KRW-BTC,2024-11-21T00:00:00,2024-11-21T09:00:00,133180000.0,138707000.0,133001000.0,137050000.0,1732233600034,1413215255697.4194,10359.96751008,133180000.0,3870000.0,0.0290584172
KRW-BTC,2024-11-20T00:00:00,2024-11-20T09:00:00,129711000.0,133328000.0,128448000.0,133180000.0,1732147199594,778377471488.7765,5931.35430049,129720000.0,3460000.0,0.0266728338
KRW-BTC,2024-11-19T00:00:00,2024-11-19T09:00:00,127142000.0,130998000.0,127050000.0,129720000.0,1732060800030,649348478627.2478,5034.84094069,127142000.0,2578000.0,0.0202765412
KRW-BTC,2024-11-18T00:00:00,2024-11-18T09:00:00,126469000.0,128895000.0,126133000.0,127142000.0,1731974400007,660914839727.5431,5182.38906938,126472000.0,670000.0,0.0052976153
KRW-BTC,2024-11-17T00:00:00,2024-11-17T09:00:00,127130000.0,128000000.0,125252000.0,126472000.0,1731888000024,421512902761.08,3321.82583352,127071000.0,-599000.0,-0.0047139001
KRW-BTC,2024-11-16T00:00:00,2024-11-16T09:00:00,128128000.0,129103000.0,126090000.0,127071000.0,1731801600029,499883409180.5182,3914.09648698,128236000.0,-1165000.0,-0.0090848124
KRW-BTC,2024-11-15T00:00:00,2024-11-15T09:00:00,123543000.0,128950000.0,123370000.0,128236000.0,1731715199942,750816994986.7344,5943.50915703,123572000.0,4664000.0,0.0377431781
KRW-BTC,2024-11-14T00:00:00,2024-11-14T09:00:00,128111000.0,130500000.0,121674000.0,123572000.0,1731628799859,1165804427242.5054,9173.07983888,128111000.0,-4539000.0,-0.0354302129
KRW-BTC,2024-11-13T00:00:00,2024-11-13T09:00:00,124951000.0,131041000.0,122771000.0,128111000.0,1731542399999,1421545614830.135,11214.08048901,124967000.0,3144000.0,0.0251586419
KRW-BTC,2024-11-12T00:00:00,2024-11-12T09:00:00,124476000.0,128010000.0,118864000.0,124967000.0,1731455999900,2115375980647.706,17037.75956278,124503000.0,464000.0,0.0037268178
KRW-BTC,2024-11-11T00:00:00,2024-11-11T09:00:00,111440000.0,125073000.0,111273000.0,124503000.0,1731369599856,1413170980237.1287,12056.83132426,111440000.0,13063000.0,0.1172200287
KRW-BTC,2024-11-10T00:00:00,2024-11-10T09:00:00,106294000.0,112470000.0,106050000.0,111440000.0,1731283200020,889548072877.27,8111.0365608,106294000.0,5146000.0,0.0484128925
KRW-BTC,2024-11-09T00:00:00,2024-11-09T09:00:00,106845000.0,106990000.0,105873000.0,106294000.0,1731196799441,287678813640.0703,2702.45288762,106843000.0,-549000.0,-0.0051383806
KRW-BTC,2024-11-08T00:00:00,2024-11-08T09:00:00,104177000.0,107591000.0,104109000.0,106843000.0,1731110399827,539366060581.3163,5104.85574163,104115000.0,2728000.0,0.0262017961
KRW-BTC,2024-11-07T00:00:00,2024-11-07T09:00:00,104085000.0,104999000.0,102290000.0,104115000.0,1731023999859,572085674515.601,5517.18974843,104085000.0,30000.0,0.000288226
KRW-BTC,2024-11-06T00:00:00,2024-11-06T09:00:00,96196000.0,104395000.0,96104000.0,104085000.0,1730937600047,1745207534538.4504,17173.68278488,96170000.0,7915000.0,0.0823021732
KRW-BTC,2024-11-05T00:00:00,2024-11-05T09:00:00,94289000.0,98074000.0,93958000.0,96170000.0,1730851199990,460604127860.6611,4785.81750822,94289000.0,1881000.0,0.0199493048
KRW-BTC,2024-11-04T00:00:00,2024-11-04T09:00:00,95987000.0,96803000.0,93083000.0,94289000.0,1730764799248,337921974474.5364,3556.89181882,95883000.0,-1594000.0,-0.0166244277
KRW-BTC,2024-11-03T00:00:00,2024-11-03T09:00:00,97205000.0,97232000.0,93905000.0,95883000.0,1730678398414,416376735248.19946,4358.15713691,97205000.0,-1322000.0,-0.0136001235
KRW-BTC,2024-11-02T00:00:00,2024-11-02T09:00:00,97331000.0,97999000.0,96825000.0,97205000.0,1730591999175,138251166859.1501,1419.21063313,97285000.0,-80000.0,-0.0008223262
KRW-BTC,2024-11-01T00:00:00,2024-11-01T09:00:00,98112000.0,99758000.0,95520000.0,97285000.0,1730505594592,472387488519.2129,4850.88260337,98112000.0,-827000.0,-0.0084291422
KRW-BTC,2024-10-31T00:00:00,2024-10-31T09:00:00,100571000.0,100893000.0,97300000.0,98112000.0,1730419199946,364198594030.4766,3670.22663296,100571000.0,-2459000.0,-0.0244503883
KRW-BTC,2024-10-30T00:00:00,2024-10-30T09:00:00,101300000.0,101305000.0,99135000.0,100571000.0,1730332798765,344734758766.32104,3437.3159675,101305000.0,-734000.0,-0.0072454469
KRW-BTC,2024-10-29T00:00:00,2024-10-29T09:00:00,97401000.0,102158000.0,97200000.0,101305000.0,1730246399463,567661752603.4331,5694.58179714,97401000.0,3904000.0,0.040081724
KRW-BTC,2024-10-28T00:00:00,2024-10-28T09:00:00,94824000.0,97714000.0,94520000.0,97401000.0,1730159999954,330946884900.9437,3447.08968512,94819000.0,2582000.0,0.0272308293
KRW-BTC,2024-10-27T00:00:00,2024-10-27T09:00:00,93993000.0,95120000.0,93900000.0,94819000.0,1730073599744,133501091993.42345,1412.77364621,93993000.0,826000.0,0.0087878885
KRW-BTC,2024-10-26T00:00:00,2024-10-26T09:00:00,93762000.0,94298000.0,93297000.0,93993000.0,1729987199985,110975712520.31711,1181.9583116,93762000.0,231000.0,0.0024636846
KRW-BTC,2024-10-25T00:00:00,2024-10-25T09:00:00,94077000.0,95143000.0,92432000.0,93762000.0,1729900799779,324322657135.6851,3453.26947882,94077000.0,-315000.0,-0.0033483211
KRW-BTC,2024-10-24T00:00:00,2024-10-24T09:00:00,92375000.0,94699000.0,92080000.0,94077000.0,1729814399939,230528066716.63248,2468.54308221,92375000.0,1702000.0,0.0184248985
KRW-BTC,2024-10-23T00:00:00,2024-10-23T09:00:00,92877000.0,93000000.0,90860000.0,92375000.0,1729727999955,199665847457.3109,2169.77076181,92877000.0,-502000.0,-0.005404998
KRW-BTC,2024-10-22T00:00:00,2024-10-22T09:00:00,92161000.0,93380000.0,91090000.0,92877000.0,1729641599647,220756238977.91486,2390.90338556,92161000.0,716000.0,0.0077690129
KRW-BTC,2024-10-21T00:00:00,2024-10-21T09:00:00,93901000.0,94456000.0,91459000.0,92161000.0,1729555198933,324857725696.1088,3492.66954786,93901000.0,-1740000.0,-0.0185301541
KRW-BTC,2024-10-20T00:00:00,2024-10-20T09:00:00,93322000.0,94299000.0,92956000.0,93901000.0,1729468799981,165259971452.53424,1766.03106746,93322000.0,579000.0,0.0062043248
KRW-BTC,2024-10-19T00:00:00,2024-10-19T09:00:00,93358000.0,93593000.0,92769000.0,93322000.0,1729382396946,112257624816.85332,1204.1436611,93330000.0,-8000.0,-8.57173e-05
KRW-BTC,2024-10-18T00:00:00,2024-10-18T09:00:00,91758000.0,93697000.0,91510000.0,93330000.0,1729295999862,250778556476.78455,2703.40345601,91725000.0,1605000.0,0.0174979558
KRW-BTC,2024-10-17T00:00:00,2024-10-17T09:00:00,91610000.0,92000000.0,91150000.0,91725000.0,1729209599780,198466118818.0868,2166.90172052,91610000.0,115000.0,0.0012553215
KRW-BTC,2024-10-16T00:00:00,2024-10-16T09:00:00,90518000.0,92350000.0,90194000.0,91610000.0,1729123200004,300845392783.4781,3290.95467218,90600000.0,1010000.0,0.0111479029
KRW-BTC,2024-10-15T00:00:00,2024-10-15T09:00:00,88640000.0,91531000.0,87510000.0,90600000.0,1729036799933,475365534131.7573,5320.08065393,88640000.0,1960000.0,0.0221119134
KRW-BTC,2024-10-14T00:00:00,2024-10-14T09:00:00,84782000.0,88963000.0,84300000.0,88640000.0,1728950399669,392356925183.8489,4502.93766545,84806000.0,3834000.0,0.0452090654
KRW-BTC,2024-10-13T00:00:00,2024-10-13T09:00:00,84997000.0,85181000.0,83890000.0,84806000.0,1728863997454,85233068272.26575,1007.64328314,84956000.0,-150000.0,-0.0017656199
KRW-BTC,2024-10-12T00:00:00,2024-10-12T09:00:00,84450000.0,85250000.0,84330000.0,84956000.0,1728777600020,104865794502.29797,1236.13303613,84451000.0,505000.0,0.0059797989
KRW-BTC,2024-10-11T00:00:00,2024-10-11T09:00:00,82131000.0,85474000.0,81749000.0,84451000.0,1728691199676,191651388216.23724,2292.25174675,82131000.0,2320000.0,0.0282475557
KRW-BTC,2024-10-10T00:00:00,2024-10-10T09:00:00,82383000.0,83127000.0,80635000.0,82131000.0,1728604799134,185681130897.78085,2261.63071429,82385000.0,-254000.0,-0.0030830855
KRW-BTC,2024-10-09T00:00:00,2024-10-09T09:00:00,84139000.0,84500000.0,82187000.0,82385000.0,1728518399052,135554834915.67761,1623.29835868,84139000.0,-1754000.0,-0.0208464565
KRW-BTC,2024-10-08T00:00:00,2024-10-08T09:00:00,83942000.0,85270000.0,83848000.0,84139000.0,1728431999838,121453629364.64726,1438.91380709,83942000.0,197000.0,0.0023468585
KRW-BTC,2024-10-07T00:00:00,2024-10-07T09:00:00,84436000.0,86301000.0,83884000.0,83942000.0,1728345599736,237451217198.9837,2788.21491807,84533000.0,-591000.0,-0.0069913525
KRW-BTC,2024-10-06T00:00:00,2024-10-06T09:00:00,83997000.0,84710000.0,83600000.0,84533000.0,1728259199785,83382761433.05855,990.98870219,83956000.0,577000.0,0.0068726476
KRW-BTC,2024-10-05T00:00:00,2024-10-05T09:00:00,83804000.0,84190000.0,83511000.0,83956000.0,1728172799853,65173151136.41679,776.76532606,83805000.0,151000.0,0.0018018018
KRW-BTC,2024-10-04T00:00:00,2024-10-04T09:00:00,82401000.0,84300000.0,82038000.0,83805000.0,1728086399863,181091795326.97305,2177.10847718,82424000.0,1381000.0,0.0167548287
KRW-BTC,2024-10-03T00:00:00,2024-10-03T09:00:00,81707000.0,82700000.0,81302000.0,82424000.0,1727999995191,149578179974.47787,1821.57540109,81707000.0,717000.0,0.0087752579
KRW-BTC,2024-10-02T00:00:00,2024-10-02T09:00:00,81500000.0,83300000.0,80940000.0,81707000.0,1727913599766,236838955693.58624,2890.80470844,81500000.0,207000.0,0.0025398773
KRW-BTC,2024-10-01T00:00:00,2024-10-01T09:00:00,83730000.0,84884000.0,80844000.0,81500000.0,1727827199471,336112162482.81934,4057.42297213,83730000.0,-2230000.0,-0.0266332258
KRW-BTC,2024-09-30T00:00:00,2024-09-30T09:00:00,85958000.0,85958000.0,83061000.0,83730000.0,1727740799960,263683386847.1853,3131.32274904,85958000.0,-2228000.0,-0.0259196352
KRW-BTC,2024-09-29T00:00:00,2024-09-29T09:00:00,86731000.0,86891000.0,85800000.0,85958000.0,1727654398062,102657137024.75742,1188.41412224,86732000.0,-774000.0,-0.0089240419
KRW-BTC,2024-09-28T00:00:00,2024-09-28T09:00:00,86958000.0,87250000.0,86003000.0,86732000.0,1727567999343,128540643136.82378,1483.00508773,86958000.0,-226000.0,-0.0025989558
KRW-BTC,2024-09-27T00:00:00,2024-09-27T09:00:00,85948000.0,87410000.0,85877000.0,86958000.0,1727481600019,213547052709.95197,2462.85215474,86000000.0,958000.0,0.0111395349
KRW-BTC,2024-09-26T00:00:00,2024-09-26T09:00:00,84362000.0,86602000.0,83800000.0,86000000.0,1727395198384,244700921914.2255,2865.16236011,84362000.0,1638000.0,0.0194163249
KRW-BTC,2024-09-25T00:00:00,2024-09-25T09:00:00,85248000.0,85950000.0,84220000.0,84362000.0,1727308799981,154899364722.59076,1821.46293118,85248000.0,-886000.0,-0.0103932057
KRW-BTC,2024-09-24T00:00:00,2024-09-24T09:00:00,84630000.0,85750000.0,84009000.0,85248000.0,1727222397521,169441365824.40887,1998.91561289,84631000.0,617000.0,0.0072904728
KRW-BTC,2024-09-23T00:00:00,2024-09-23T09:00:00,84838000.0,86250000.0,83832000.0,84631000.0,1727135999474,226181555032.54324,2655.34388664,84829000.0,-198000.0,-0.0023341074
KRW-BTC,2024-09-22T00:00:00,2024-09-22T09:00:00,84429000.0,85500000.0,83401000.0,84829000.0,1727049599906,157468215075.89536,1869.26119943,84425000.0,404000.0,0.0047853124
KRW-BTC,2024-09-21T00:00:00,2024-09-21T09:00:00,84384000.0,84750000.0,84000000.0,84425000.0,1726963199940,89952936852.66151,1066.57067251,84385000.0,40000.0,0.0004740179
KRW-BTC,2024-09-20T00:00:00,2024-09-20T09:00:00,83891000.0,85478000.0,83377000.0,84385000.0,1726876798614,275217777612.6938,3257.11829911,83892000.0,493000.0,0.0058766033
KRW-BTC,2024-09-19T00:00:00,2024-09-19T09:00:00,82602000.0,85000000.0,82286000.0,83892000.0,1726790400001,380397446780.82184,4549.0273458,82604000.0,1288000.0,0.0155924653
KRW-BTC,2024-09-18T00:00:00,2024-09-18T09:00:00,81116000.0,82618000.0,80008000.0,82604000.0,1726703999962,272656090815.34293,3362.15013751,81116000.0,1488000.0,0.0183440998
KRW-BTC,2024-09-17T00:00:00,2024-09-17T09:00:00,78468000.0,82364000.0,77774000.0,81116000.0,1726617599884,246315657168.2539,3063.50091322,78469000.0,2647000.0,0.0337330666
KRW-BTC,2024-09-16T00:00:00,2024-09-16T09:00:00,79691000.0,79860000.0,77740000.0,78469000.0,1726531199933,190805166243.93906,2425.49996851,79690000.0,-1221000.0,-0.0153218723
KRW-BTC,2024-09-15T00:00:00,2024-09-15T09:00:00,80524000.0,81009000.0,79090000.0,79690000.0,1726444799307,103959710509.01263,1293.20254846,80524000.0,-834000.0,-0.0103571606
KRW-BTC,2024-09-14T00:00:00,2024-09-14T09:00:00,80930000.0,81174000.0,80040000.0,80524000.0,1726358392716,106802968052.03972,1324.44479737,80930000.0,-406000.0,-0.0050166811
KRW-BTC,2024-09-13T00:00:00,2024-09-13T09:00:00,78269000.0,81100000.0,77700000.0,80930000.0,1726271999013,225703375433.60367,2847.08604999,78269000.0,2661000.0,0.0339981346
KRW-BTC,2024-09-12T00:00:00,2024-09-12T09:00:00,77363000.0,78830000.0,77300000.0,78269000.0,1726185597905,196214298456.70428,2510.01259415,77301000.0,968000.0,0.0125224771
KRW-BTC,2024-09-11T00:00:00,2024-09-11T09:00:00,78091000.0,78200000.0,75380000.0,77301000.0,1726099199578,234573394617.97586,3055.31403806,78089000.0,-788000.0,-0.01009105
KRW-BTC,2024-09-10T00:00:00,2024-09-10T09:00:00,77274000.0,78485000.0,76432000.0,78089000.0,1726012799904,169362601828.1939,2189.56080713,77275000.0,814000.0,0.0105338078
KRW-BTC,2024-09-09T00:00:00,2024-09-09T09:00:00,74439000.0,78500000.0,74093000.0,77275000.0,1725926399715,235311917797.4669,3101.05486477,74437000.0,2838000.0,0.0381262007
KRW-BTC,2024-09-08T00:00:00,2024-09-08T09:00:00,73640000.0,74880000.0,72992000.0,74437000.0,1725839999936,117599921455.3581,1592.04001829,73640000.0,797000.0,0.0108229223
KRW-BTC,2024-09-07T00:00:00,2024-09-07T09:00:00,73644000.0,74580000.0,73078000.0,73640000.0,1725753599801,132925505237.01608,1801.62027481,73644000.0,-4000.0,-5.43154e-05
KRW-BTC,2024-09-06T00:00:00,2024-09-06T09:00:00,76330000.0,76860000.0,72200000.0,73644000.0,1725667197758,453955119507.9664,6081.77185166,76330000.0,-2686000.0,-0.0351893096
KRW-BTC,2024-09-05T00:00:00,2024-09-05T09:00:00,78739000.0,79131000.0,76000000.0,76330000.0,1725580799653,227922886561.5563,2957.70339093,78739000.0,-2409000.0,-0.0305947497
KRW-BTC,2024-09-04T00:00:00,2024-09-04T09:00:00,78270000.0,79300000.0,76248000.0,78739000.0,1725494399977,301711447734.27747,3895.41394663,78272000.0,467000.0,0.0059663737
KRW-BTC,2024-09-03T00:00:00,2024-09-03T09:00:00,80247000.0,81101000.0,78250000.0,78272000.0,1725407999341,203978935020.43103,2562.51172354,80205000.0,-1933000.0,-0.0241007418
KRW-BTC,2024-09-02T00:00:00,2024-09-02T09:00:00,78303000.0,80610000.0,78235000.0,80205000.0,1725321595971,174932522315.02856,2207.5986061,78301000.0,1904000.0,0.02431642
KRW-BTC,2024-09-01T00:00:00,2024-09-01T09:00:00,80300000.0,80370000.0,78300000.0,78301000.0,1725235199527,201464348305.40323,2541.94042215,80262000.0,-1961000.0,-0.0244324836
KRW-BTC,2024-08-31T00:00:00,2024-08-31T09:00:00,80439000.0,80823000.0,80009000.0,80262000.0,1725148796306,67710249599.81931,841.99580262,80439000.0,-177000.0,-0.0022004252
KRW-BTC,2024-08-30T00:00:00,2024-08-30T09:00:00,80745000.0,81250000.0,79225000.0,80439000.0,1725062399786,229386098042.93787,2858.21980495,80790000.0,-351000.0,-0.0043445971
KRW-BTC,2024-08-29T00:00:00,2024-08-29T09:00:00,80618000.0,82700000.0,80151000.0,80790000.0,1724975998134,206219103448.4138,2539.08247784,80569000.0,221000.0,0.0027429905
KRW-BTC,2024-08-28T00:00:00,2024-08-28T09:00:00,80947000.0,81895000.0,79550000.0,80569000.0,1724889599934,310686076764.39667,3848.30364196,80950000.0,-381000.0,-0.004706609
KRW-BTC,2024-08-27T00:00:00,2024-08-27T09:00:00,84408000.0,84794000.0,80121000.0,80950000.0,1724803199864,335829079690.97577,4066.7490567,84408000.0,-3458000.0,-0.0409676808
KRW-BTC,2024-08-26T00:00:00,2024-08-26T09:00:00,86227000.0,86529000.0,84408000.0,84408000.0,1724716799895,192748229997.8137,2260.53739932,86254000.0,-1846000.0,-0.021401906
KRW-BTC,2024-08-25T00:00:00,2024-08-25T09:00:00,85807000.0,86979000.0,85410000.0,86254000.0,1724630399906,145981547975.5474,1698.8163817,85767000.0,487000.0,0.0056781746
KRW-BTC,2024-08-24T00:00:00,2024-08-24T09:00:00,85600000.0,86390000.0,85155000.0,85767000.0,1724543999956,189010265920.50162,2204.28031834,85600000.0,167000.0,0.0019509346
KRW-BTC,2024-08-23T00:00:00,2024-08-23T09:00:00,82003000.0,86500000.0,82002000.0,85600000.0,1724457599919,376889529927.51227,4485.27203937,82003000.0,3597000.0,0.0438642489
KRW-BTC,2024-08-22T00:00:00,2024-08-22T09:00:00,82900000.0,83101000.0,81280000.0,82003000.0,1724371199477,176142420142.3459,2138.23568495,82900000.0,-897000.0,-0.0108202654
KRW-BTC,2024-08-21T00:00:00,2024-08-21T09:00:00,80751000.0,83600000.0,80567000.0,82900000.0,1724284798747,235879234125.4242,2882.78548851,80751000.0,2149000.0,0.0266126735
KRW-BTC,2024-08-20T00:00:00,2024-08-20T09:00:00,81678000.0,83400000.0,80501000.0,80751000.0,1724198399731,274100335212.15652,3339.76112482,81680000.0,-929000.0,-0.0113736533
KRW-BTC,2024-08-19T00:00:00,2024-08-19T09:00:00,81500000.0,81915000.0,80100000.0,81680000.0,1724111996527,214078811458.96536,2644.34129141,81500000.0,180000.0,0.002208589
KRW-BTC,2024-08-18T00:00:00,2024-08-18T09:00:00,82821000.0,83679000.0,81500000.0,81500000.0,1724025599992,143255575447.1464,1727.83371254,82849000.0,-1349000.0,-0.0162826347
KRW-BTC,2024-08-17T00:00:00,2024-08-17T09:00:00,82185000.0,83000000.0,82042000.0,82849000.0,1723939199874,73291253042.81598,887.07641461,82209000.0,640000.0,0.0077850357
KRW-BTC,2024-08-16T00:00:00,2024-08-16T09:00:00,81044000.0,83400000.0,80296000.0,82209000.0,1723852799810,214699078822.88956,2629.8190762,81004000.0,1205000.0,0.0148758086
KRW-BTC,2024-08-15T00:00:00,2024-08-15T09:00:00,82440000.0,83555000.0,79500000.0,81004000.0,1723766399941,325801942348.10706,3986.43185704,82457000.0,-1453000.0,-0.0176213057
KRW-BTC,2024-08-14T00:00:00,2024-08-14T09:00:00,84587000.0,85950000.0,82218000.0,82457000.0,1723679999969,301026089757.4763,3583.12495297,84600000.0,-2143000.0,-0.0253309693
KRW-BTC,2024-08-13T00:00:00,2024-08-13T09:00:00,83207000.0,85770000.0,82050000.0,84600000.0,1723593599898,250426145464.81427,2989.81215206,83221000.0,1379000.0,0.0165703368
KRW-BTC,2024-08-12T00:00:00,2024-08-12T09:00:00,82816000.0,85000000.0,81000000.0,83221000.0,1723507199678,420485878758.05646,5072.09672139,82815000.0,406000.0,0.0049024935
KRW-BTC,2024-08-11T00:00:00,2024-08-11T09:00:00,85669000.0,86424000.0,82208000.0,82815000.0,1723420799993,225284918716.3791,2669.17265554,85669000.0,-2854000.0,-0.0333142677
KRW-BTC,2024-08-10T00:00:00,2024-08-10T09:00:00,85522000.0,86370000.0,84760000.0,85669000.0,1723334399959,127296971385.76044,1489.63387466,85518000.0,151000.0,0.0017657101
KRW-BTC,2024-08-09T00:00:00,2024-08-09T09:00:00,86397000.0,86704000.0,84000000.0,85518000.0,1723247998906,332298406966.0832,3892.85974175,86397000.0,-879000.0,-0.0101739644
KRW-BTC,2024-08-08T00:00:00,2024-08-08T09:00:00,78386000.0,87980000.0,77941000.0,86397000.0,1723161600022,589875336679.084,7126.01269616,78388000.0,8009000.0,0.1021712507
KRW-BTC,2024-08-07T00:00:00,2024-08-07T09:00:00,80166000.0,81950000.0,77782000.0,78388000.0,1723075198935,425826912725.80835,5316.47766092,80224000.0,-1836000.0,-0.0228859194
KRW-BTC,2024-08-06T00:00:00,2024-08-06T09:00:00,77786000.0,82150000.0,77782000.0,80224000.0,1722988798411,630449026117.0752,7868.46700086,77833000.0,2391000.0,0.0307196176
KRW-BTC,2024-08-05T00:00:00,2024-08-05T09:00:00,81871000.0,82256000.0,72100000.0,77833000.0,1722902399788,1828233999514.335,23878.79267178,81871000.0,-4038000.0,-0.0493214936
KRW-BTC,2024-08-04T00:00:00,2024-08-04T09:00:00,85954000.0,86311000.0,81684000.0,81871000.0,1722815999013,380290142556.4757,4532.63397761,85957000.0,-4086000.0,-0.0475353956
KRW-BTC,2024-08-03T00:00:00,2024-08-03T09:00:00,86691000.0,87690000.0,85000000.0,85957000.0,1722729596587,350471535778.3624,4059.37513687,86691000.0,-734000.0,-0.0084668535
KRW-BTC,2024-08-02T00:00:00,2024-08-02T09:00:00,91789000.0,92200000.0,86377000.0,86691000.0,1722643199912,453754064161.6217,5089.66250349,91789000.0,-5098000.0,-0.0555404242
KRW-BTC,2024-08-01T00:00:00,2024-08-01T09:00:00,90346000.0,92300000.0,88001000.0,91789000.0,1722556799941,454095059912.4309,5048.04552891,90345000.0,1444000.0,0.0159831756
KRW-BTC,2024-07-31T00:00:00,2024-07-31T09:00:00,92790000.0,93298000.0,90345000.0,90345000.0,1722470399543,284977850977.3531,3099.02844262,92788000.0,-2443000.0,-0.0263288356
KRW-BTC,2024-07-30T00:00:00,2024-07-30T09:00:00,93605000.0,93878000.0,91825000.0,92788000.0,1722383999270,262705366724.15695,2825.61883321,93618000.0,-830000.0,-0.0088658164
KRW-BTC,2024-07-29T00:00:00,2024-07-29T09:00:00,95363000.0,97100000.0,93203000.0,93618000.0,1722297600020,456579708586.51715,4778.70828116,95363000.0,-1745000.0,-0.0182985015
KRW-BTC,2024-07-28T00:00:00,2024-07-28T09:00:00,94341000.0,95380000.0,93600000.0,95363000.0,1722211199753,194537737710.59518,2056.69856884,94292000.0,1071000.0,0.0113583337
KRW-BTC,2024-07-27T00:00:00,2024-07-27T09:00:00,94639000.0,96813000.0,93150000.0,94292000.0,1722124799795,467925032426.02423,4913.83842022,94727000.0,-435000.0,-0.0045921437
KRW-BTC,2024-07-26T00:00:00,2024-07-26T09:00:00,92475000.0,95000000.0,92286000.0,94727000.0,1722038399954,306215486613.3734,3254.87216648,92465000.0,2262000.0,0.0244633104
KRW-BTC,2024-07-25T00:00:00,2024-07-25T09:00:00,91501000.0,93138000.0,89202000.0,92465000.0,1721951999780,384022678969.55927,4242.34259951,91501000.0,964000.0,0.010535404
KRW-BTC,2024-07-24T00:00:00,2024-07-24T09:00:00,92196000.0,93494000.0,91051000.0,91501000.0,1721865599684,287757546664.5858,3120.28733945,92230000.0,-729000.0,-0.0079041527
KRW-BTC,2024-07-23T00:00:00,2024-07-23T09:00:00,94284000.0,94748000.0,92000000.0,92230000.0,1721779199439,298055492452.224,3198.17266819,94357000.0,-2127000.0,-0.0225420478
KRW-BTC,2024-07-22T00:00:00,2024-07-22T09:00:00,95000000.0,95353000.0,93050000.0,94357000.0,1721692799943,270086053980.06497,2864.06872329,95000000.0,-643000.0,-0.0067684211
KRW-BTC,2024-07-21T00:00:00,2024-07-21T09:00:00,94073000.0,95299000.0,92413000.0,95000000.0,1721606399704,282511677391.88605,2999.30004219,94065000.0,935000.0,0.0099399352
KRW-BTC,2024-07-20T00:00:00,2024-07-20T09:00:00,93004000.0,94624000.0,92736000.0,94065000.0,1721519999685,184106522945.32446,1966.82922042,93004000.0,1061000.0,0.0114081115
KRW-BTC,2024-07-19T00:00:00,2024-07-19T09:00:00,89850000.0,94073000.0,88675000.0,93004000.0,1721433600006,385983610442.7926,4216.76104722,89850000.0,3154000.0,0.0351029494
KRW-BTC,2024-07-18T00:00:00,2024-07-18T09:00:00,89452000.0,91200000.0,89049000.0,89850000.0,1721347199593,231608554045.43936,2571.16592106,89467000.0,383000.0,0.004280908
KRW-BTC,2024-07-17T00:00:00,2024-07-17T09:00:00,90825000.0,92159000.0,89380000.0,89467000.0,1721260799748,335601755804.37213,3690.86942876,90807000.0,-1340000.0,-0.0147565716
KRW-BTC,2024-07-16T00:00:00,2024-07-16T09:00:00,91162000.0,91544000.0,87300000.0,90807000.0,1721174399925,557878343297.2963,6229.90082082,91162000.0,-355000.0,-0.0038941664
KRW-BTC,2024-07-15T00:00:00,2024-07-15T09:00:00,85430000.0,91294000.0,85269000.0,91162000.0,1721088000042,449269971924.1909,5087.5047679,85430000.0,5732000.0,0.067095868
KRW-BTC,2024-07-14T00:00:00,2024-07-14T09:00:00,82901000.0,86000000.0,82860000.0,85430000.0,1721001599887,267061160893.37726,3162.56205447,82901000.0,2529000.0,0.0305062665
KRW-BTC,2024-07-13T00:00:00,2024-07-13T09:00:00,81548000.0,83700000.0,81300000.0,82901000.0,1720915200004,139900580321.58945,1698.9670231,81540000.0,1361000.0,0.0166911945
KRW-BTC,2024-07-12T00:00:00,2024-07-12T09:00:00,81070000.0,82309000.0,80085000.0,81540000.0,1720828795637,162370294145.94073,2003.05277025,81070000.0,470000.0,0.005797459
KRW-BTC,2024-07-11T00:00:00,2024-07-11T09:00:00,81926000.0,83795000.0,81000000.0,81070000.0,1720742399863,240656104086.51352,2930.42730849,81896000.0,-826000.0,-0.0100859627
KRW-BTC,2024-07-10T00:00:00,2024-07-10T09:00:00,82043000.0,83825000.0,81096000.0,81896000.0,1720655999029,241533427852.04196,2927.47972497,82043000.0,-147000.0,-0.0017917434
KRW-BTC,2024-07-09T00:00:00,2024-07-09T09:00:00,80499000.0,82300000.0,80000000.0,82043000.0,1720569599074,207188813320.79987,2547.62184575,80534000.0,1509000.0,0.0187374277
KRW-BTC,2024-07-08T00:00:00,2024-07-08T09:00:00,79397000.0,82700000.0,77880000.0,80534000.0,1720483199139,407495808244.1024,5094.76571434,79397000.0,1137000.0,0.0143204403
KRW-BTC,2024-07-07T00:00:00,2024-07-07T09:00:00,82850000.0,82940000.0,79280000.0,79397000.0,1720396799814,205364943238.90503,2527.24731033,82826000.0,-3429000.0,-0.0414000435
KRW-BTC,2024-07-06T00:00:00,2024-07-06T09:00:00,81118000.0,83202000.0,79938000.0,82826000.0,1720310399919,217020180860.6007,2664.49967064,81118000.0,1708000.0,0.021055746
KRW-BTC,2024-07-05T00:00:00,2024-07-05T09:00:00,81680000.0,82544000.0,77335000.0,81118000.0,1720223999389,771379661181.4397,9719.19667539,81680000.0,-562000.0,-0.0068805093
KRW-BTC,2024-07-04T00:00:00,2024-07-04T09:00:00,85331000.0,85592000.0,81207000.0,81680000.0,1720137599950,508714299967.0383,6151.28764968,85331000.0,-3651000.0,-0.0427863262
KRW-BTC,2024-07-03T00:00:00,2024-07-03T09:00:00,87270000.0,87623000.0,84508000.0,85331000.0,1720051199761,241696760888.49173,2823.97617467,87248000.0,-1917000.0,-0.0219718504
KRW-BTC,2024-07-02T00:00:00,2024-07-02T09:00:00,88259000.0,88847000.0,86987000.0,87248000.0,1719964799583,133974236157.29668,1525.13237149,88253000.0,-1005000.0,-0.0113877149
KRW-BTC,2024-07-01T00:00:00,2024-07-01T09:00:00,87920000.0,89644000.0,87609000.0,88253000.0,1719878399413,187910215069.42743,2120.47778236,87920000.0,333000.0,0.0037875341
KRW-BTC,2024-06-30T00:00:00,2024-06-30T09:00:00,85765000.0,88490000.0,85370000.0,87920000.0,1719791999735,122284229060.17992,1407.83744184,85765000.0,2155000.0,0.0251268
KRW-BTC,2024-06-29T00:00:00,2024-06-29T09:00:00,85157000.0,86000000.0,85102000.0,85765000.0,1719705599106,64278180308.71439,750.29847644,85158000.0,607000.0,0.0071279269
KRW-BTC,2024-06-28T00:00:00,2024-06-28T09:00:00,86875000.0,87510000.0,84740000.0,85158000.0,1719619196169,181740242265.76205,2112.30766272,86884000.0,-1726000.0,-0.0198655679
KRW-BTC,2024-06-27T00:00:00,2024-06-27T09:00:00,86092000.0,87957000.0,85396000.0,86884000.0,1719532799615,162614405577.3093,1879.37091558,86027000.0,857000.0,0.0099619887
KRW-BTC,2024-06-26T00:00:00,2024-06-26T09:00:00,87463000.0,88356000.0,85930000.0,86027000.0,1719446398135,170172602843.6051,1958.86652444,87450000.0,-1423000.0,-0.0162721555
KRW-BTC,2024-06-25T00:00:00,2024-06-25T09:00:00,85495000.0,87981000.0,85032000.0,87450000.0,1719359999685,290625255002.558,3359.06885104,85496000.0,1954000.0,0.0228548704
KRW-BTC,2024-06-24T00:00:00,2024-06-24T09:00:00,89100000.0,89441000.0,83101000.0,85496000.0,1719273598247,642782780185.859,7434.8292641,89046000.0,-3550000.0,-0.039867035
KRW-BTC,2024-06-23T00:00:00,2024-06-23T09:00:00,90874000.0,91382000.0,89033000.0,89046000.0,1719187200026,97216083240.50478,1076.73789827,90874000.0,-1828000.0,-0.0201157647
KRW-BTC,2024-06-22T00:00:00,2024-06-22T09:00:00,90308000.0,91086000.0,90141000.0,90874000.0,1719100799528,58876597356.40121,648.51462524,90308000.0,566000.0,0.0062674403
KRW-BTC,2024-06-21T00:00:00,2024-06-21T09:00:00,91753000.0,92031000.0,89501000.0,90308000.0,1719014399571,245462226021.85233,2713.72122916,91780000.0,-1472000.0,-0.0160383526
KRW-BTC,2024-06-20T00:00:00,2024-06-20T09:00:00,91549000.0,93581000.0,91500000.0,91780000.0,1718927999808,183662665916.08588,1989.14998554,91555000.0,225000.0,0.0024575392
KRW-BTC,2024-06-19T00:00:00,2024-06-19T09:00:00,91649000.0,92727000.0,91170000.0,91555000.0,1718841599783,157280746104.31015,1711.11748826,91649000.0,-94000.0,-0.0010256522
KRW-BTC,2024-06-18T00:00:00,2024-06-18T09:00:00,93589000.0,93699000.0,90638000.0,91649000.0,1718755199269,283289620632.5299,3084.47656922,93588000.0,-1939000.0,-0.0207184682
KRW-BTC,2024-06-17T00:00:00,2024-06-17T09:00:00,94219000.0,94442000.0,91559000.0,93588000.0,1718668799254,307092672708.7484,3306.85987741,94219000.0,-631000.0,-0.006697163
KRW-BTC,2024-06-16T00:00:00,2024-06-16T09:00:00,93913000.0,94708000.0,93611000.0,94219000.0,1718582399626,79272815452.88979,841.90412208,93910000.0,309000.0,0.0032903844
KRW-BTC,2024-06-15T00:00:00,2024-06-15T09:00:00,93979000.0,94268000.0,93546000.0,93910000.0,1718495999080,85103451469.52345,906.41818634,93978000.0,-68000.0,-0.0007235736
KRW-BTC,2024-06-14T00:00:00,2024-06-14T09:00:00,94614000.0,95202000.0,93001000.0,93978000.0,1718409599843,210323777357.75565,2232.32985005,94614000.0,-636000.0,-0.0067220496
KRW-BTC,2024-06-12T00:00:00,2024-06-12T09:00:00,95329000.0,98204000.0,94502000.0,95934000.0,1718236799833,327467722850.80164,3395.53957526,95329000.0,605000.0,0.0063464423
KRW-BTC,2024-06-11T00:00:00,2024-06-11T09:00:00,97279000.0,97350000.0,93821000.0,95329000.0,1718150399962,369758493289.9728,3889.452394,97276000.0,-1947000.0,-0.0200152144
KRW-BTC,2024-06-10T00:00:00,2024-06-10T09:00:00,97983000.0,98031000.0,96980000.0,97276000.0,1718063999560,145257348150.08334,1491.30862127,97983000.0,-707000.0,-0.0072155374
KRW-BTC,2024-06-09T00:00:00,2024-06-09T09:00:00,98137000.0,98400000.0,97710000.0,97983000.0,1717977598205,88498186805.20483,903.04585461,98125000.0,-142000.0,-0.0014471338
KRW-BTC,2024-06-08T00:00:00,2024-06-08T09:00:00,97919000.0,98278000.0,97750000.0,98125000.0,1717891199753,106163964517.00305,1083.63453147,97919000.0,206000.0,0.0021037797
KRW-BTC,2024-06-07T00:00:00,2024-06-07T09:00:00,98320000.0,99650000.0,97219000.0,97919000.0,1717804799962,326990960605.8829,3319.13194888,98334000.0,-415000.0,-0.0042203104
KRW-BTC,2024-06-06T00:00:00,2024-06-06T09:00:00,98385000.0,99400000.0,98009000.0,98334000.0,1717718399703,219522291452.61084,2226.53984487,98385000.0,-51000.0,-0.0005183717
KRW-BTC,2024-06-05T00:00:00,2024-06-05T09:00:00,97490000.0,98989000.0,97280000.0,98385000.0,1717631999984,266052740201.06946,2709.00469092,97500000.0,885000.0,0.0090769231
KRW-BTC,2024-06-04T00:00:00,2024-06-04T09:00:00,95994000.0,97927000.0,95520000.0,97500000.0,1717545599684,261246188651.128,2699.30531296,95994000.0,1506000.0,0.0156884805
KRW-BTC,2024-06-03T00:00:00,2024-06-03T09:00:00,95000000.0,97358000.0,94825000.0,95994000.0,1717459200007,267415381863.87976,2779.47684838,95000000.0,994000.0,0.0104631579
KRW-BTC,2024-06-02T00:00:00,2024-06-02T09:00:00,94762000.0,95626000.0,94500000.0,95000000.0,1717372799608,105872261448.48648,1113.85982666,94720000.0,280000.0,0.0029560811
KRW-BTC,2024-06-01T00:00:00,2024-06-01T09:00:00,94504000.0,94850000.0,94361000.0,94720000.0,1717286399795,58706044440.81196,620.25035104,94505000.0,215000.0,0.0022750119
KRW-BTC,2024-05-31T00:00:00,2024-05-31T09:00:00,95005000.0,96000000.0,93700000.0,94505000.0,1717199999924,209050615252.5121,2203.22332533,94943000.0,-438000.0,-0.0046132943
KRW-BTC,2024-05-30T00:00:00,2024-05-30T09:00:00,93910000.0,96120000.0,93620000.0,94943000.0,1717113599972,255996014541.8591,2703.78621192,93910000.0,1033000.0,0.0109998935
KRW-BTC,2024-05-29T00:00:00,2024-05-29T09:00:00,94654000.0,95232000.0,93440000.0,93910000.0,1717027199558,233226273178.99045,2475.18788783,94600000.0,-690000.0,-0.0072938689
KRW-BTC,2024-05-28T00:00:00,2024-05-28T09:00:00,96050000.0,96119000.0,93654000.0,94600000.0,1716940799951,300604135784.2556,3176.96320333,96050000.0,-1450000.0,-0.015096304
KRW-BTC,2024-05-27T00:00:00,2024-05-27T09:00:00,95634000.0,97360000.0,95050000.0,96050000.0,1716854399974,256303977047.8687,2667.48347563,95610000.0,440000.0,0.0046020291
KRW-BTC,2024-05-26T00:00:00,2024-05-26T09:00:00,96240000.0,96590000.0,95400000.0,95610000.0,1716767999816,152194945654.3936,1583.87158304,96240000.0,-630000.0,-0.0065461347
KRW-BTC,2024-05-25T00:00:00,2024-05-25T09:00:00,95214000.0,96598000.0,95192000.0,96240000.0,1716681599931,139437862033.11826,1452.89641348,95214000.0,1026000.0,0.0107757263
KRW-BTC,2024-05-24T00:00:00,2024-05-24T09:00:00,94897000.0,96160000.0,93300000.0,95214000.0,1716595199932,235509732034.2646,2489.94183313,94900000.0,314000.0,0.003308746
KRW-BTC,2024-05-23T00:00:00,2024-05-23T09:00:00,95421000.0,96881000.0,93000000.0,94900000.0,1716508799539,417507248596.06085,4396.1343619,95421000.0,-521000.0,-0.005460014
KRW-BTC,2024-05-22T00:00:00,2024-05-22T09:00:00,96717000.0,96999000.0,94640000.0,95421000.0,1716422399124,268537986813.09387,2799.80156982,96700000.0,-1279000.0,-0.0132264736
KRW-BTC,2024-05-21T00:00:00,2024-05-21T09:00:00,97260000.0,98150000.0,95571000.0,96700000.0,1716335999837,447572373508.3656,4609.75650446,97260000.0,-560000.0,-0.0057577627
KRW-BTC,2024-05-20T00:00:00,2024-05-20T09:00:00,92185000.0,97264000.0,91931000.0,97260000.0,1716249600031,416886189056.5984,4413.1861654,92185000.0,5075000.0,0.0550523404
KRW-BTC,2024-05-19T00:00:00,2024-05-19T09:00:00,93066000.0,93990000.0,91843000.0,92185000.0,1716163199346,217037553806.18616,2335.84848532,93066000.0,-881000.0,-0.0094664002
KRW-BTC,2024-05-18T00:00:00,2024-05-18T09:00:00,92632000.0,93500000.0,92337000.0,93066000.0,1716076797295,169295118960.64792,1821.32715047,92646000.0,420000.0,0.0045333851
KRW-BTC,2024-05-17T00:00:00,2024-05-17T09:00:00,90839000.0,93123000.0,90700000.0,92646000.0,1715990399982,249519198606.6008,2713.8193315,90800000.0,1846000.0,0.0203303965
KRW-BTC,2024-05-16T00:00:00,2024-05-16T09:00:00,92111000.0,92860000.0,90250000.0,90800000.0,1715903998819,334699904978.9204,3657.22884649,92111000.0,-1311000.0,-0.0142328278
KRW-BTC,2024-05-15T00:00:00,2024-05-15T09:00:00,86500000.0,92444000.0,86200000.0,92111000.0,1715817599730,473734749005.6969,5272.78652607,86500000.0,5611000.0,0.064867052
KRW-BTC,2024-05-14T00:00:00,2024-05-14T09:00:00,87934000.0,88225000.0,85801000.0,86500000.0,1715731199825,239136551619.17407,2756.81157854,87928000.0,-1428000.0,-0.0162405605
KRW-BTC,2024-05-13T00:00:00,2024-05-13T09:00:00,86521000.0,88485000.0,85410000.0,87928000.0,1715644798957,269283280046.10648,3085.90700562,86521000.0,1407000.0,0.016261948
KRW-BTC,2024-05-12T00:00:00,2024-05-12T09:00:00,85791000.0,86978000.0,85618000.0,86521000.0,1715558399469,89929598339.25037,1042.82371152,85791000.0,730000.0,0.0085090511
KRW-BTC,2024-05-11T00:00:00,2024-05-11T09:00:00,85842000.0,86500000.0,85209000.0,85791000.0,1715471999172,111471508154.94107,1299.78149293,85842000.0,-51000.0,-0.0005941148
KRW-BTC,2024-05-10T00:00:00,2024-05-10T09:00:00,88116000.0,88480000.0,85120000.0,85842000.0,1715385599756,284534708229.2591,3277.85722892,88116000.0,-2274000.0,-0.0258068909
KRW-BTC,2024-05-09T00:00:00,2024-05-09T09:00:00,85872000.0,88500000.0,85020000.0,88116000.0,1715299198155,267645945872.65704,3096.80934359,85872000.0,2244000.0,0.0261319173
KRW-BTC,2024-05-08T00:00:00,2024-05-08T09:00:00,87595000.0,88566000.0,85109000.0,85872000.0,1715212799564,332700514292.9092,3819.52775807,87595000.0,-1723000.0,-0.0196700725
KRW-BTC,2024-05-07T00:00:00,2024-05-07T09:00:00,88780000.0,90157000.0,87500000.0,87595000.0,1715126399929,259678493158.40872,2916.803769,88804000.0,-1209000.0,-0.0136142516
KRW-BTC,2024-05-06T00:00:00,2024-05-06T09:00:00,90100000.0,91681000.0,88500000.0,88804000.0,1715039999691,359037836997.4739,3986.16458238,90061000.0,-1257000.0,-0.0139572068
KRW-BTC,2024-05-05T00:00:00,2024-05-05T09:00:00,90303000.0,90759000.0,88331000.0,90061000.0,1714953599708,228798229172.96234,2550.73818403,90303000.0,-242000.0,-0.0026798667
KRW-BTC,2024-05-04T00:00:00,2024-05-04T09:00:00,89291000.0,91123000.0,87910000.0,90303000.0,1714867199705,377188650331.0702,4208.08896117,89291000.0,1012000.0,0.011333729
KRW-BTC,2024-05-03T00:00:00,2024-05-03T09:00:00,83096000.0,89821000.0,82807000.0,89291000.0,1714780799814,693338249542.2839,8040.2538403,83078000.0,6213000.0,0.0747851417
KRW-BTC,2024-05-02T00:00:00,2024-05-02T09:00:00,83499000.0,84000000.0,80601000.0,83078000.0,1714694399653,462472415374.88916,5609.70236742,83499000.0,-421000.0,-0.0050419766
KRW-BTC,2024-05-01T00:00:00,2024-05-01T09:00:00,87152000.0,87625000.0,80005000.0,83499000.0,1714607999219,1247874579269.3682,15078.237548,87137000.0,-3638000.0,-0.0417503472
KRW-BTC,2024-04-30T00:00:00,2024-04-30T09:00:00,91400000.0,92540000.0,85606000.0,87137000.0,1714521599624,647143762714.2603,7328.91773497,91400000.0,-4263000.0,-0.0466411379
KRW-BTC,2024-04-29T00:00:00,2024-04-29T09:00:00,90533000.0,92000000.0,88500000.0,91400000.0,1714435199517,417019267508.9052,4650.34162208,90530000.0,870000.0,0.009610074
KRW-BTC,2024-04-28T00:00:00,2024-04-28T09:00:00,91499000.0,92630000.0,90153000.0,90530000.0,1714348799881,169995089305.7691,1861.37990104,91499000.0,-969000.0,-0.0105902797
KRW-BTC,2024-04-27T00:00:00,2024-04-27T09:00:00,91955000.0,92175000.0,90292000.0,91499000.0,1714262399513,223315339244.9676,2455.80711714,91951000.0,-452000.0,-0.0049156616
KRW-BTC,2024-04-26T00:00:00,2024-04-26T09:00:00,92761000.0,93000000.0,91465000.0,91951000.0,1714175996427,186024518912.63318,2016.93752002,92745000.0,-794000.0,-0.0085611084
KRW-BTC,2024-04-25T00:00:00,2024-04-25T09:00:00,93518000.0,94319000.0,91213000.0,92745000.0,1714089599617,348460853187.8564,3762.56315286,93534000.0,-789000.0,-0.0084354352
KRW-BTC,2024-04-24T00:00:00,2024-04-24T09:00:00,96071000.0,96627000.0,92734000.0,93534000.0,1714003199802,340438754437.031,3593.11116027,96045000.0,-2511000.0,-0.026143995
KRW-BTC,2024-04-23T00:00:00,2024-04-23T09:00:00,97239000.0,97592000.0,95246000.0,96045000.0,1713916799971,305907337794.1537,3179.44418004,97192000.0,-1147000.0,-0.0118013828
KRW-BTC,2024-04-22T00:00:00,2024-04-22T09:00:00,94911000.0,97627000.0,94622000.0,97192000.0,1713830398685,309448245996.401,3221.84889236,94868000.0,2324000.0,0.0244971961
KRW-BTC,2024-04-21T00:00:00,2024-04-21T09:00:00,94840000.0,95989000.0,94312000.0,94868000.0,1713743999606,225327547192.15237,2369.21252418,94805000.0,63000.0,0.0006645219
KRW-BTC,2024-04-20T00:00:00,2024-04-20T09:00:00,93390000.0,95600000.0,92615000.0,94805000.0,1713657599997,250942877130.00293,2666.36468567,93390000.0,1415000.0,0.0151515152
KRW-BTC,2024-04-19T00:00:00,2024-04-19T09:00:00,93392000.0,95958000.0,88500000.0,93390000.0,1713571199572,826226752319.6167,8931.11165293,93356000.0,34000.0,0.0003641973
KRW-BTC,2024-04-18T00:00:00,2024-04-18T09:00:00,91439000.0,94200000.0,90000000.0,93356000.0,1713484799622,533379890524.8668,5793.82700325,91419000.0,1937000.0,0.0211881556
KRW-BTC,2024-04-17T00:00:00,2024-04-17T09:00:00,95597000.0,96500000.0,90200000.0,91419000.0,1713398398644,660323082104.5907,7117.39044578,95597000.0,-4178000.0,-0.0437043003
KRW-BTC,2024-04-16T00:00:00,2024-04-16T09:00:00,96530000.0,96941000.0,93500000.0,95597000.0,1713311999393,575142167083.7314,6058.36670549,96527000.0,-930000.0,-0.00963461
KRW-BTC,2024-04-15T00:00:00,2024-04-15T09:00:00,98931000.0,99490000.0,95702000.0,96527000.0,1713225599905,572334441333.4099,5860.57730753,98905000.0,-2378000.0,-0.0240432738
KRW-BTC,2024-04-14T00:00:00,2024-04-14T09:00:00,97092000.0,99180000.0,95224000.0,98905000.0,1713139200015,640496163193.9851,6601.79791673,97149000.0,1756000.0,0.0180753276
KRW-BTC,2024-04-13T00:00:00,2024-04-13T09:00:00,99645000.0,100569000.0,95000000.0,97149000.0,1713052800018,935752426506.9319,9545.1942808,99776000.0,-2627000.0,-0.0263289769
KRW-BTC,2024-04-12T00:00:00,2024-04-12T09:00:00,100542000.0,101426000.0,98985000.0,99776000.0,1712966400019,501138671632.28973,5005.55856794,100541000.0,-765000.0,-0.0076088362
KRW-BTC,2024-04-11T00:00:00,2024-04-11T09:00:00,100601000.0,101452000.0,100031000.0,100541000.0,1712879999966,304817123210.9132,3026.45443123,100600000.0,-59000.0,-0.0005864811
KRW-BTC,2024-04-10T00:00:00,2024-04-10T09:00:00,99409000.0,101750000.0,97614000.0,100600000.0,1712793599950,427447865181.8295,4307.83087037,99350000.0,1250000.0,0.0125817816
KRW-BTC,2024-04-09T00:00:00,2024-04-09T09:00:00,102050000.0,102399000.0,98400000.0,99350000.0,1712707199959,478845250480.8743,4778.27379895,102101000.0,-2751000.0,-0.0269439085
KRW-BTC,2024-04-08T00:00:00,2024-04-08T09:00:00,99369000.0,103084000.0,99100000.0,102101000.0,1712620799360,571091810718.5997,5621.6941615,99369000.0,2732000.0,0.0274934839
KRW-BTC,2024-04-07T00:00:00,2024-04-07T09:00:00,99000000.0,100450000.0,98976000.0,99369000.0,1712534400030,212381001693.2222,2132.30263827,99023000.0,346000.0,0.0034941377
KRW-BTC,2024-04-06T00:00:00,2024-04-06T09:00:00,98385000.0,99888000.0,97745000.0,99023000.0,1712447999694,185840192041.35562,1885.55868844,98394000.0,629000.0,0.0063926662
KRW-BTC,2024-04-05T00:00:00,2024-04-05T09:00:00,99445000.0,99669000.0,96800000.0,98394000.0,1712361599458,346785702174.4224,3533.18774879,99361000.0,-967000.0,-0.0097321887
KRW-BTC,2024-04-04T00:00:00,2024-04-04T09:00:00,96502000.0,99912000.0,95598000.0,99361000.0,1712275199918,427159595437.90393,4377.11634387,96502000.0,2859000.0,0.029626329
KRW-BTC,2024-04-03T00:00:00,2024-04-03T09:00:00,96053000.0,97300000.0,94682000.0,96502000.0,1712188799751,411426554028.0002,4274.27113577,96053000.0,449000.0,0.0046745026
KRW-BTC,2024-04-02T00:00:00,2024-04-02T09:00:00,100100000.0,100100000.0,95000000.0,96053000.0,1712102399920,780975960649.7177,8066.15019928,100100000.0,-4047000.0,-0.0404295704
KRW-BTC,2024-04-01T00:00:00,2024-04-01T09:00:00,100991000.0,101098000.0,98658000.0,100100000.0,1712015999832,472761515355.0921,4739.72230488,100970000.0,-870000.0,-0.0086164207
KRW-BTC,2024-03-31T00:00:00,2024-03-31T09:00:00,99985000.0,101133000.0,99930000.0,100970000.0,1711929599865,212087515001.09903,2112.03397974,99985000.0,985000.0,0.0098514777
KRW-BTC,2024-03-30T00:00:00,2024-03-30T09:00:00,99876000.0,100317000.0,99455000.0,99985000.0,1711843199744,196155308244.61237,1962.11149493,99801000.0,184000.0,0.0018436689
KRW-BTC,2024-03-29T00:00:00,2024-03-29T09:00:00,100900000.0,101100000.0,99210000.0,99801000.0,1711756798060,435401166585.58826,4351.27001019,100900000.0,-1099000.0,-0.0108919722
KRW-BTC,2024-03-28T00:00:00,2024-03-28T09:00:00,99890000.0,101725000.0,99251000.0,100900000.0,1711670399952,535926456305.18634,5332.23099753,99890000.0,1010000.0,0.0101111222
KRW-BTC,2024-03-27T00:00:00,2024-03-27T09:00:00,100051000.0,101900000.0,98700000.0,99890000.0,1711584000021,687535364829.5654,6873.29706874,100051000.0,-161000.0,-0.0016091793
KRW-BTC,2024-03-26T00:00:00,2024-03-26T09:00:00,99202000.0,100800000.0,98830000.0,100051000.0,1711497599735,518625422690.3721,5187.8255505,99202000.0,849000.0,0.0085582952
KRW-BTC,2024-03-25T00:00:00,2024-03-25T09:00:00,96624000.0,100500000.0,95600000.0,99202000.0,1711411199997,736915127805.8601,7510.92358508,96624000.0,2578000.0,0.0266807418
KRW-BTC,2024-03-24T00:00:00,2024-03-24T09:00:00,93317000.0,97252000.0,93079000.0,96624000.0,1711324799952,369010924364.2194,3888.32456609,93274000.0,3350000.0,0.0359156893
KRW-BTC,2024-03-23T00:00:00,2024-03-23T09:00:00,93850000.0,95609000.0,92593000.0,93274000.0,1711238399954,344921898105.8299,3672.55444643,93855000.0,-581000.0,-0.0061904001
KRW-BTC,2024-03-22T00:00:00,2024-03-22T09:00:00,95618000.0,96500000.0,92222000.0,93855000.0,1711151999470,625975200849.2533,6646.70819911,95552000.0,-1697000.0,-0.0177599632
KRW-BTC,2024-03-21T00:00:00,2024-03-21T09:00:00,99726000.0,99801000.0,95000000.0,95552000.0,1711065599950,724759488812.2096,7441.53702699,99726000.0,-4174000.0,-0.0418546818
KRW-BTC,2024-03-20T00:00:00,2024-03-20T09:00:00,92541000.0,100216000.0,89845000.0,99726000.0,1710979199913,1336501266984.0964,14156.97655657,92572000.0,7154000.0,0.0772803872
KRW-BTC,2024-03-19T00:00:00,2024-03-19T09:00:00,99042000.0,99700000.0,92027000.0,92572000.0,1710892799534,1333253975751.9326,14040.62247096,99040000.0,-6468000.0,-0.0653069467
KRW-BTC,2024-03-18T00:00:00,2024-03-18T09:00:00,99934000.0,100233000.0,97623000.0,99040000.0,1710806398973,601364533012.1357,6061.17057346,99922000.0,-882000.0,-0.008826885
KRW-BTC,2024-03-17T00:00:00,2024-03-17T09:00:00,96769000.0,100299000.0,94300000.0,99922000.0,1710719999237,1018011483571.2373,10512.20194197,96767000.0,3155000.0,0.0326040902
KRW-BTC,2024-03-16T00:00:00,2024-03-16T09:00:00,101010000.0,102407000.0,95700000.0,96767000.0,1710633599783,773300912136.6715,7805.49537673,101000000.0,-4233000.0,-0.0419108911
KRW-BTC,2024-03-15T00:00:00,2024-03-15T09:00:00,102506000.0,104131000.0,95600000.0,101000000.0,1710547200008,1768528691395.1565,17862.96961701,102506000.0,-1506000.0,-0.0146918229
KRW-BTC,2024-03-14T00:00:00,2024-03-14T09:00:00,104121000.0,105000000.0,100000000.0,102506000.0,1710460799866,1082636743178.8175,10526.11243481,104122000.0,-1616000.0,-0.0155202551
KRW-BTC,2024-03-13T00:00:00,2024-03-13T09:00:00,101200000.0,104865000.0,100909000.0,104122000.0,1710374399840,796117209603.253,7708.11925332,101200000.0,2922000.0,0.0288735178
KRW-BTC,2024-03-12T00:00:00,2024-03-12T09:00:00,100404000.0,102350000.0,99000000.0,101200000.0,1710287999033,840639249935.1646,8326.93269496,100404000.0,796000.0,0.007927971
KRW-BTC,2024-03-11T00:00:00,2024-03-11T09:00:00,97501000.0,101940000.0,95132000.0,100404000.0,1710201600019,1394027929273.16,14017.56814882,97495000.0,2909000.0,0.0298374276
KRW-BTC,2024-03-10T00:00:00,2024-03-10T09:00:00,95946000.0,98445000.0,95904000.0,97495000.0,1710115199995,584591822773.3928,5997.98580277,95946000.0,1549000.0,0.0161444979
KRW-BTC,2024-03-09T00:00:00,2024-03-09T09:00:00,96237000.0,96420000.0,95120000.0,95946000.0,1710028799787,378536088958.2131,3946.68168858,96237000.0,-291000.0,-0.003023785
KRW-BTC,2024-03-08T00:00:00,2024-03-08T09:00:00,94044000.0,98543000.0,94000000.0,96237000.0,1709942399814,835209405680.1185,8721.93321965,94060000.0,2177000.0,0.0231448012
KRW-BTC,2024-03-07T00:00:00,2024-03-07T09:00:00,93325000.0,95678000.0,92670000.0,94060000.0,1709855999784,544938284330.71326,5792.49252841,93325000.0,735000.0,0.0078757032
KRW-BTC,2024-03-06T00:00:00,2024-03-06T09:00:00,91284000.0,94917000.0,88233000.0,93325000.0,1709769599833,1132969096241.1963,12290.20386486,91275000.0,2050000.0,0.0224596001
KRW-BTC,2024-03-05T00:00:00,2024-03-05T09:00:00,95500000.0,97000000.0,88024000.0,91275000.0,1709683199904,2068791243827.417,22134.5823534,95500000.0,-4225000.0,-0.0442408377
KRW-BTC,2024-03-04T00:00:00,2024-03-04T09:00:00,87978000.0,95586000.0,87302000.0,95500000.0,1709596799974,1211101233989.3242,13254.11820787,87982000.0,7518000.0,0.0854492964
KRW-BTC,2024-03-03T00:00:00,2024-03-03T09:00:00,86382000.0,87993000.0,85000000.0,87982000.0,1709510399983,520339172689.89,6017.57168637,86383000.0,1599000.0,0.0185105866
KRW-BTC,2024-03-02T00:00:00,2024-03-02T09:00:00,87397000.0,87724000.0,86090000.0,86383000.0,1709423999965,475836197640.3118,5481.66253212,87397000.0,-1014000.0,-0.0116022289
KRW-BTC,2024-03-01T00:00:00,2024-03-01T09:00:00,85911000.0,88500000.0,85910000.0,87397000.0,1709337599330,545793423395.0005,6256.97193595,85910000.0,1487000.0,0.0173088115
KRW-BTC,2024-02-29T00:00:00,2024-02-29T09:00:00,87695000.0,90000000.0,85244000.0,85910000.0,1709251199980,1247891807737.9043,14269.12684354,87634000.0,-1724000.0,-0.0196727298
KRW-BTC,2024-02-28T00:00:00,2024-02-28T09:00:00,78621000.0,88424000.0,78082000.0,87634000.0,1709164799992,1605842409329.8965,19254.09747335,78619000.0,9015000.0,0.114666938
KRW-BTC,2024-02-27T00:00:00,2024-02-27T09:00:00,74741000.0,79183000.0,74554000.0,78619000.0,1709078399748,789427020915.4601,10168.66847875,74742000.0,3877000.0,0.0518717722
KRW-BTC,2024-02-26T00:00:00,2024-02-26T09:00:00,71254000.0,75000000.0,70000000.0,74742000.0,1708991999968,445753506046.4029,6152.52849944,71256000.0,3486000.0,0.048922196
KRW-BTC,2024-02-25T00:00:00,2024-02-25T09:00:00,71107000.0,71595000.0,70907000.0,71256000.0,1708905599955,132976936582.42847,1867.42810931,71107000.0,149000.0,0.0020954336
KRW-BTC,2024-02-24T00:00:00,2024-02-24T09:00:00,70804000.0,71467000.0,70542000.0,71107000.0,1708819199859,196504422512.8034,2768.92244263,70805000.0,302000.0,0.0042652355
KRW-BTC,2024-02-23T00:00:00,2024-02-23T09:00:00,71600000.0,71835000.0,70657000.0,70805000.0,1708732799789,209597391438.7119,2937.89362228,71601000.0,-796000.0,-0.0111171632
KRW-BTC,2024-02-22T00:00:00,2024-02-22T09:00:00,72397000.0,72399000.0,71458000.0,71601000.0,1708646398414,212441719114.15668,2956.43290437,72397000.0,-796000.0,-0.0109949307
KRW-BTC,2024-02-21T00:00:00,2024-02-21T09:00:00,72160000.0,72465000.0,71100000.0,72397000.0,1708559999090,271810716263.94452,3784.15692927,72191000.0,206000.0,0.0028535413
KRW-BTC,2024-02-20T00:00:00,2024-02-20T09:00:00,71755000.0,73100000.0,71010000.0,72191000.0,1708473600018,374956852709.30115,5210.9537578,71755000.0,436000.0,0.0060762316
KRW-BTC,2024-02-19T00:00:00,2024-02-19T09:00:00,71968000.0,72412000.0,71728000.0,71755000.0,1708387199837,258718607451.79404,3590.53994514,71964000.0,-209000.0,-0.0029042299
KRW-BTC,2024-02-18T00:00:00,2024-02-18T09:00:00,71500000.0,72158000.0,70669000.0,71964000.0,1708300799976,258754010038.3827,3622.39704322,71530000.0,434000.0,0.0060673843
KRW-BTC,2024-02-17T00:00:00,2024-02-17T09:00:00,72134000.0,72267000.0,69595000.0,71530000.0,1708214399239,443405034028.45605,6239.93681452,72128000.0,-598000.0,-0.0082908163
KRW-BTC,2024-02-16T00:00:00,2024-02-16T09:00:00,71253000.0,72500000.0,70782000.0,72128000.0,1708127999943,351583502414.54065,4895.5305616,71253000.0,875000.0,0.0122801847
KRW-BTC,2024-02-15T00:00:00,2024-02-15T09:00:00,70195000.0,72216000.0,70190000.0,71253000.0,1708041599673,596093200995.1085,8360.6265065,70199000.0,1054000.0,0.0150144589
KRW-BTC,2024-02-14T00:00:00,2024-02-14T09:00:00,67309000.0,70300000.0,66800000.0,70199000.0,1707955199579,555788800123.2118,8040.24948851,67309000.0,2890000.0,0.0429363087
KRW-BTC,2024-02-13T00:00:00,2024-02-13T09:00:00,67002000.0,67698000.0,65800000.0,67309000.0,1707868799573,452457508733.7282,6757.73223342,67002000.0,307000.0,0.0045819528
KRW-BTC,2024-02-12T00:00:00,2024-02-12T09:00:00,65231000.0,67444000.0,64887000.0,67002000.0,1707782399850,441592898902.0397,6674.5189116,65230000.0,1772000.0,0.0271654147
KRW-BTC,2024-02-11T00:00:00,2024-02-11T09:00:00,64549000.0,65500000.0,64256000.0,65230000.0,1707695999730,238873276592.43555,3675.68043315,64549000.0,681000.0,0.0105501247
KRW-BTC,2024-02-10T00:00:00,2024-02-10T09:00:00,63682000.0,64890000.0,63062000.0,64549000.0,1707609597911,225319150684.7367,3520.61476764,63682000.0,867000.0,0.0136145222
KRW-BTC,2024-02-09T00:00:00,2024-02-09T09:00:00,62011000.0,64955000.0,61717000.0,63682000.0,1707523199558,512755906366.25,8059.0341961,62011000.0,1671000.0,0.026946832
KRW-BTC,2024-02-08T00:00:00,2024-02-08T09:00:00,60242000.0,62200000.0,60232000.0,62011000.0,1707436799151,269421771730.88812,4403.57321568,60232000.0,1779000.0,0.0295357949
KRW-BTC,2024-02-07T00:00:00,2024-02-07T09:00:00,59020000.0,60373000.0,58745000.0,60232000.0,1707350399515,238381737380.20325,4016.91251278,59039000.0,1193000.0,0.0202069818
KRW-BTC,2024-02-06T00:00:00,2024-02-06T09:00:00,58882000.0,59400000.0,58650000.0,59039000.0,1707263999584,121948276958.82838,2068.07481117,58882000.0,157000.0,0.0026663496
KRW-BTC,2024-02-05T00:00:00,2024-02-05T09:00:00,58814000.0,59800000.0,58311000.0,58882000.0,1707177599925,165309802322.86816,2801.14722486,58811000.0,71000.0,0.0012072571
KRW-BTC,2024-02-04T00:00:00,2024-02-04T09:00:00,59262000.0,59324000.0,58633000.0,58811000.0,1707091198685,75191501973.40013,1272.47453255,59260000.0,-449000.0,-0.0075767803
KRW-BTC,2024-02-03T00:00:00,2024-02-03T09:00:00,59295000.0,59485000.0,59120000.0,59260000.0,1707004799547,69320649322.95328,1168.38699158,59299000.0,-39000.0,-0.0006576839
KRW-BTC,2024-02-02T00:00:00,2024-02-02T09:00:00,59150000.0,59531000.0,58551000.0,59299000.0,1706918399728,134728620635.56172,2278.87315759,59150000.0,149000.0,0.0025190194
KRW-BTC,2024-02-01T00:00:00,2024-02-01T09:00:00,58730000.0,59302000.0,57804000.0,59150000.0,1706831999375,161060109648.93842,2757.18048169,58738000.0,412000.0,0.0070141986
KRW-BTC,2024-01-31T00:00:00,2024-01-31T09:00:00,58966000.0,59848000.0,58221000.0,58738000.0,1706745599630,198864403810.88028,3372.05512523,58965000.0,-227000.0,-0.0038497414
KRW-BTC,2024-01-30T00:00:00,2024-01-30T09:00:00,59129000.0,59863000.0,58600000.0,58965000.0,1706659199786,243788049861.6119,4111.4027948,59101000.0,-136000.0,-0.0023011455
KRW-BTC,2024-01-29T00:00:00,2024-01-29T09:00:00,57855000.0,59210000.0,57561000.0,59101000.0,1706572799468,198470118247.67715,3400.58213496,57855000.0,1246000.0,0.0215366001
KRW-BTC,2024-01-28T00:00:00,2024-01-28T09:00:00,58084000.0,58880000.0,57400000.0,57855000.0,1706486398346,163353578683.5286,2804.05316336,58086000.0,-231000.0,-0.0039768619
KRW-BTC,2024-01-27T00:00:00,2024-01-27T09:00:00,57526000.0,58189000.0,57046000.0,58086000.0,1706399999879,127856613888.00935,2217.23585074,57503000.0,583000.0,0.0101386015
KRW-BTC,2024-01-26T00:00:00,2024-01-26T09:00:00,55101000.0,58146000.0,54957000.0,57503000.0,1706313599907,297208668227.302,5241.71188424,55101000.0,2402000.0,0.0435926753
KRW-BTC,2024-01-25T00:00:00,2024-01-25T09:00:00,55200000.0,55586000.0,54760000.0,55101000.0,1706227199455,158151643849.23672,2868.41775244,55200000.0,-99000.0,-0.0017934783
KRW-BTC,2024-01-24T00:00:00,2024-01-24T09:00:00,55389000.0,55850000.0,54446000.0,55200000.0,1706140799785,199193987331.73764,3615.04171313,55389000.0,-189000.0,-0.0034122299
KRW-BTC,2024-01-23T00:00:00,2024-01-23T09:00:00,54689000.0,55576000.0,53125000.0,55389000.0,1706054397936,417612365974.9237,7696.9657732,54689000.0,700000.0,0.0127996489
KRW-BTC,2024-01-22T00:00:00,2024-01-22T09:00:00,57392000.0,57543000.0,54659000.0,54689000.0,1705968000017,354946267211.27905,6334.41138362,57387000.0,-2698000.0,-0.0470141321
KRW-BTC,2024-01-21T00:00:00,2024-01-21T09:00:00,57550000.0,57942000.0,57350000.0,57387000.0,1705881598948,115423278977.731,2003.6715815,57517000.0,-130000.0,-0.0022602013
KRW-BTC,2024-01-20T00:00:00,2024-01-20T09:00:00,57738000.0,57796000.0,57242000.0,57517000.0,1705795199010,122466062930.22649,2127.46454183,57739000.0,-222000.0,-0.0038448882
KRW-BTC,2024-01-19T00:00:00,2024-01-19T09:00:00,57281000.0,58180000.0,55935000.0,57739000.0,1705708799879,319935326045.1161,5634.88177074,57284000.0,455000.0,0.0079428811
KRW-BTC,2024-01-18T00:00:00,2024-01-18T09:00:00,58776000.0,58900000.0,56754000.0,57284000.0,1705622398089,247274595060.62836,4268.88383965,58776000.0,-1492000.0,-0.0253845107
KRW-BTC,2024-01-17T00:00:00,2024-01-17T09:00:00,59218000.0,59300000.0,58269000.0,58776000.0,1705535999998,166684664128.92538,2837.33448993,59196000.0,-420000.0,-0.007095074
KRW-BTC,2024-01-16T00:00:00,2024-01-16T09:00:00,58416000.0,59577000.0,58169000.0,59196000.0,1705449599174,220847570069.63248,3748.9674189,58354000.0,842000.0,0.0144291737
KRW-BTC,2024-01-15T00:00:00,2024-01-15T09:00:00,57380000.0,59340000.0,57332000.0,58354000.0,1705363198562,231794647049.94147,3967.32180816,57391000.0,963000.0,0.0167796344
KRW-BTC,2024-01-14T00:00:00,2024-01-14T09:00:00,58968000.0,59254000.0,57312000.0,57391000.0,1705276799982,230963494089.2534,3950.54738176,58968000.0,-1577000.0,-0.0267433184
KRW-BTC,2024-01-13T00:00:00,2024-01-13T09:00:00,59430000.0,59860000.0,58174000.0,58968000.0,1705190399909,326997534585.3025,5542.07595015,59435000.0,-467000.0,-0.0078573231
KRW-BTC,2024-01-12T00:00:00,2024-01-12T09:00:00,63560000.0,63820000.0,58200000.0,59435000.0,1705103999704,705250093415.7546,11517.51602146,63550000.0,-4115000.0,-0.0647521637
KRW-BTC,2024-01-11T00:00:00,2024-01-11T09:00:00,63621000.0,66779000.0,62246000.0,63550000.0,1705017599125,923979801876.3722,14392.35118741,63621000.0,-71000.0,-0.0011159837
KRW-BTC,2024-01-10T00:00:00,2024-01-10T09:00:00,62001000.0,65000000.0,59730000.0,63621000.0,1704931200019,1023312951596.1451,16442.71360776,62014000.0,1607000.0,0.0259135034
KRW-BTC,2024-01-09T00:00:00,2024-01-09T09:00:00,63011000.0,64385000.0,60748000.0,62014000.0,1704844799141,617115004717.8223,9882.55128738,63010000.0,-996000.0,-0.0158070148
KRW-BTC,2024-01-08T00:00:00,2024-01-08T09:00:00,59105000.0,63410000.0,57801000.0,63010000.0,1704758398513,677313414712.9883,11161.48689391,59108000.0,3902000.0,0.0660147527
KRW-BTC,2024-01-07T00:00:00,2024-01-07T09:00:00,59329000.0,59879000.0,58630000.0,59108000.0,1704671998330,195332894541.23975,3285.09256035,59329000.0,-221000.0,-0.0037249912
KRW-BTC,2024-01-06T00:00:00,2024-01-06T09:00:00,59351000.0,59518000.0,58651000.0,59329000.0,1704585599413,146681858163.83517,2482.6262327,59351000.0,-22000.0,-0.0003706761
KRW-BTC,2024-01-05T00:00:00,2024-01-05T09:00:00,59477000.0,59695000.0,57577000.0,59351000.0,1704499198889,284352418527.13806,4822.3896766,59477000.0,-126000.0,-0.002118466
KRW-BTC,2024-01-04T00:00:00,2024-01-04T09:00:00,58581000.0,60162000.0,57319000.0,59477000.0,1704412798132,366025648066.8456,6254.53768656,58581000.0,896000.0,0.0152950615
KRW-BTC,2024-01-03T00:00:00,2024-01-03T09:00:00,60205000.0,60799000.0,54346000.0,58581000.0,1704326399884,945841183535.2499,16310.30692586,60206000.0,-1625000.0,-0.0269906654
KRW-BTC,2024-01-02T00:00:00,2024-01-02T09:00:00,58839000.0,60997000.0,58814000.0,60206000.0,1704239999808,495038780463.7768,8221.19868374,58839000.0,1367000.0,0.0232328897
KRW-BTC,2024-01-01T00:00:00,2024-01-01T09:00:00,57045000.0,58847000.0,57045000.0,58839000.0,1704153599562,182491217914.30185,3165.32092908,57047000.0,1792000.0,0.0314126948
